NAME,POS,TEAM,DEPTH,Week 1,Week 2,Week 3,Week 4,Week 5,Week 6,Week 7,Week 8,Week 9,Week 10,Week 11,Week 12,Week 13,Week 14,Week 15,Week 16,Week 17,Week 18,Avg,TM SNAP %,DEPTH_ranking,Avg_ranking,TM SNAP %_ranking,depth_score,TM_SNAP,avg_norm,rating,games,max_team_rating,team_relative_rating,final_rating
Joel Bitonio,G,CLE,1.0,76.0,72.0,67.0,59.0,62.0,57.0,84.0,69.0,79.0,,70.0,58.0,86.0,72.0,62.0,66.0,79.0,59.0,69,99.7,1.0,2.0,17.0,1.0,0.997,0.971830985915493,0.9356132237871675,17,0.9356132237871675,1.0,0.85
Trey Smith,G,KC,1.0,54.0,65.0,74.0,62.0,84.0,,70.0,72.0,85.0,68.0,55.0,74.0,71.0,69.0,75.0,74.0,62.0,3.0,65,97.3,1.0,33.0,49.0,1.0,0.973,0.9154929577464789,0.9128507824726134,17,0.9128507824726134,1.0,0.85
Ben Powers,G,DEN,1.0,69.0,61.0,68.0,61.0,63.0,55.0,63.0,73.0,72.0,58.0,62.0,68.0,66.0,,60.0,64.0,60.0,65.0,64,98.7,1.0,49.0,34.0,1.0,0.987,0.9014084507042254,0.9128268388106415,17,0.9128268388106415,1.0,0.85
Quenton Nelson,G,IND,1.0,45.0,56.0,56.0,66.0,70.0,70.0,60.0,64.0,54.0,64.0,70.0,55.0,62.0,,76.0,60.0,77.0,78.0,63,99.6,1.0,61.0,21.0,1.0,0.996,0.8873239436619719,0.9113862284820031,17,0.9113862284820031,1.0,0.85
Jake Brendel,C,SF,1.0,71.0,70.0,71.0,63.0,64.0,65.0,63.0,68.0,,64.0,63.0,49.0,48.0,58.0,54.0,64.0,64.0,73.0,63,99.4,1.0,61.0,23.0,1.0,0.9940000000000001,0.8873239436619719,0.9108195618153364,17,0.9108195618153364,1.0,0.85
Rasheed Walker,OT,GB,1.0,67.0,70.0,63.0,76.0,59.0,73.0,58.0,70.0,65.0,,46.0,72.0,54.0,50.0,64.0,60.0,63.0,65.0,63,99.2,1.0,61.0,25.0,1.0,0.992,0.8873239436619719,0.9102528951486698,17,0.9102528951486698,1.0,0.85
Joe Tippmann,C,NYJ,1.0,51.0,57.0,73.0,74.0,72.0,63.0,57.0,62.0,58.0,58.0,51.0,,68.0,68.0,58.0,69.0,63.0,64.0,62,100.0,1.0,85.0,1.0,1.0,1.0,0.8732394366197183,0.9085289514866979,17,0.9085289514866979,1.0,0.85
Taliese Fuaga,OT,NO,1.0,66.0,53.0,56.0,74.0,53.0,70.0,70.0,73.0,79.0,42.0,60.0,,70.0,68.0,55.0,56.0,60.0,66.0,63,98.4,1.0,61.0,40.0,1.0,0.9840000000000001,0.8873239436619719,0.9079862284820032,17,0.9079862284820032,1.0,0.85
Hjalte Froholdt,C,ARI,1.0,61.0,60.0,59.0,59.0,58.0,58.0,57.0,66.0,58.0,52.0,,58.0,82.0,71.0,70.0,70.0,79.0,60.0,63,98.4,1.0,61.0,40.0,1.0,0.9840000000000001,0.8873239436619719,0.9079862284820032,17,0.9079862284820032,1.0,0.85
Bradley Bozeman,C,LAC,1.0,57.0,69.0,46.0,56.0,,78.0,66.0,66.0,57.0,59.0,67.0,69.0,46.0,60.0,52.0,65.0,69.0,75.0,62,99.1,1.0,85.0,27.0,1.0,0.991,0.8732394366197183,0.9059789514866979,17,0.9059789514866979,1.0,0.85
Kolton Miller,OT,OAK,1.0,60.0,63.0,64.0,59.0,70.0,63.0,79.0,58.0,13.0,,65.0,77.0,68.0,67.0,67.0,74.0,77.0,51.0,63,95.7,1.0,61.0,57.0,1.0,0.9570000000000001,0.8873239436619719,0.9003362284820031,17,0.9003362284820031,1.0,0.85
Mitch Morse,C,JAX,1.0,53.0,60.0,71.0,58.0,58.0,62.0,59.0,57.0,53.0,44.0,39.0,,70.0,59.0,84.0,67.0,58.0,69.0,60,98.8,1.0,105.0,30.0,1.0,0.988,0.8450704225352113,0.897147730829421,17,0.897147730829421,1.0,0.85
Mike Onwenu,OL,NE,1.0,65.0,68.0,52.0,64.0,60.0,66.0,60.0,67.0,69.0,64.0,76.0,69.0,72.0,,51.0,73.0,42.0,3.0,60,93.4,1.0,105.0,70.0,1.0,0.934,0.8450704225352113,0.8818477308294209,17,0.8818477308294209,1.0,0.85
Laremy Tunsil,OT,HOU,1.0,79.0,62.0,67.0,55.0,68.0,50.0,64.0,71.0,73.0,66.0,64.0,56.0,63.0,,50.0,59.0,50.0,31.0,60,92.9,1.0,105.0,75.0,1.0,0.929,0.8450704225352113,0.8804310641627544,17,0.8804310641627544,1.0,0.85
Jake Matthews,OT,ATL,1.0,56.0,,61.0,56.0,87.0,70.0,66.0,62.0,57.0,78.0,46.0,,81.0,74.0,58.0,62.0,64.0,79.0,65,97.8,1.0,33.0,47.0,1.0,0.978,0.9154929577464789,0.8604870109546165,16,0.8604870109546165,1.0,0.85
Kevin Dotson,OL,LAR,1.0,78.0,52.0,58.0,61.0,78.0,,55.0,72.0,77.0,70.0,52.0,64.0,56.0,77.0,65.0,52.0,57.0,,64,93.9,1.0,49.0,65.0,1.0,0.9390000000000001,0.9014084507042254,0.8463311424100155,16,0.8463311424100155,1.0,0.85
Robert Hunt,G,CAR,1.0,59.0,48.0,74.0,70.0,60.0,66.0,43.0,61.0,53.0,60.0,,62.0,70.0,71.0,55.0,68.0,47.0,,60,93.5,1.0,105.0,69.0,1.0,0.935,0.8450704225352113,0.8302410015649453,16,0.8302410015649453,1.0,0.85
O'Cyrus Torrence,G,BUF,1.0,62.0,41.0,61.0,59.0,61.0,69.0,55.0,76.0,66.0,73.0,73.0,,58.0,60.0,70.0,59.0,70.0,,59,93.1,1.0,121.0,72.0,1.0,0.9309999999999999,0.8309859154929577,0.8254184663536775,16,0.8254184663536775,1.0,0.85
Cam Jurgens,C,PHI,1.0,76.0,,72.0,50.0,,62.0,66.0,61.0,79.0,54.0,71.0,73.0,56.0,58.0,80.0,74.0,65.0,,66,92.3,1.0,18.0,80.0,1.0,0.9229999999999999,0.9295774647887324,0.7964776995305165,15,0.7964776995305165,1.0,0.85
Quinn Meinerz,OL,DEN,1.0,69.0,61.0,68.0,61.0,63.0,55.0,65.0,72.0,72.0,58.0,62.0,68.0,66.0,,59.0,64.0,60.0,65.0,64,98.7,1.0,49.0,34.0,1.0,0.987,0.9014084507042254,0.9128268388106415,17,0.9128268388106415,1.0,0.85
Terence Steele,OT,DAL,1.0,63.0,70.0,80.0,56.0,76.0,69.0,,62.0,77.0,60.0,83.0,66.0,76.0,60.0,73.0,60.0,62.0,78.0,68,100.0,1.0,5.0,1.0,1.0,1.0,0.9577464788732394,0.9324726134585288,17,0.9324726134585288,1.0,0.85
Joe Thuney,G,KC,1.0,54.0,65.0,74.0,62.0,84.0,,70.0,72.0,85.0,68.0,55.0,74.0,71.0,69.0,75.0,74.0,62.0,3.0,65,97.3,1.0,33.0,49.0,1.0,0.973,0.9154929577464789,0.9128507824726134,17,0.9128507824726134,1.0,0.85
Ted Karras,C,CIN,1.0,51.0,64.0,62.0,67.0,67.0,53.0,55.0,58.0,74.0,82.0,82.0,,62.0,71.0,69.0,56.0,90.0,74.0,66,100.0,1.0,18.0,1.0,1.0,1.0,0.9295774647887324,0.9244913928012518,17,0.9244913928012518,1.0,0.85
Cody Mauch,G,TB,1.0,64.0,48.0,57.0,77.0,53.0,77.0,82.0,73.0,55.0,61.0,,65.0,80.0,62.0,69.0,72.0,71.0,67.0,66,99.2,1.0,18.0,25.0,1.0,0.992,0.9295774647887324,0.9222247261345853,17,0.9222247261345853,1.0,0.85
Aaron Brewer,OL,MIA,1.0,71.0,76.0,61.0,60.0,78.0,,69.0,65.0,61.0,53.0,68.0,68.0,71.0,72.0,68.0,67.0,60.0,70.0,66,100.0,1.0,18.0,1.0,1.0,1.0,0.9295774647887324,0.9244913928012518,17,0.9244913928012518,1.0,0.85
Blake Brandel,G,MIN,1.0,55.0,54.0,63.0,68.0,73.0,,60.0,50.0,73.0,84.0,73.0,71.0,53.0,60.0,77.0,66.0,72.0,65.0,65,100.0,1.0,33.0,1.0,1.0,1.0,0.9154929577464789,0.9205007824726134,17,0.9205007824726134,1.0,0.85
Garrett Bradbury,C,MIN,1.0,55.0,54.0,63.0,68.0,73.0,,60.0,50.0,73.0,84.0,73.0,71.0,53.0,60.0,77.0,66.0,72.0,65.0,65,100.0,1.0,33.0,1.0,1.0,1.0,0.9154929577464789,0.9205007824726134,17,0.9205007824726134,1.0,0.85
Daniel Faalele,G,BAL,1.0,80.0,65.0,63.0,57.0,78.0,68.0,59.0,68.0,57.0,63.0,61.0,65.0,72.0,,59.0,62.0,60.0,70.0,65,99.7,1.0,33.0,17.0,1.0,0.997,0.9154929577464789,0.9196507824726134,17,0.9196507824726134,1.0,0.85
Dan Moore Jr.,OT,PIT,1.0,68.0,66.0,68.0,70.0,58.0,59.0,68.0,65.0,,78.0,78.0,69.0,69.0,65.0,43.0,60.0,68.0,61.0,65,98.6,1.0,33.0,37.0,1.0,0.986,0.9154929577464789,0.9165341158059467,17,0.9165341158059467,1.0,0.85
Creed Humphrey,C,KC,1.0,54.0,65.0,74.0,62.0,84.0,,70.0,72.0,85.0,68.0,55.0,74.0,71.0,69.0,75.0,74.0,62.0,3.0,65,97.3,1.0,33.0,49.0,1.0,0.973,0.9154929577464789,0.9128507824726134,17,0.9128507824726134,1.0,0.85
Peter Skoronski,G,TEN,1.0,64.0,66.0,54.0,65.0,,58.0,73.0,76.0,77.0,54.0,59.0,67.0,55.0,64.0,70.0,61.0,69.0,62.0,64,100.0,1.0,49.0,1.0,1.0,1.0,0.9014084507042254,0.9165101721439749,17,0.9165101721439749,1.0,0.85
JC Latham,OT,TEN,1.0,64.0,66.0,54.0,65.0,,58.0,73.0,76.0,77.0,54.0,59.0,67.0,55.0,64.0,70.0,61.0,69.0,62.0,64,100.0,1.0,49.0,1.0,1.0,1.0,0.9014084507042254,0.9165101721439749,17,0.9165101721439749,1.0,0.85
Penei Sewell,OT,DET,1.0,61.0,85.0,68.0,53.0,,68.0,57.0,48.0,57.0,65.0,79.0,72.0,70.0,80.0,79.0,65.0,70.0,68.0,67,99.9,1.0,11.0,13.0,1.0,0.9990000000000001,0.9436619718309859,0.9281986697965571,17,0.9281986697965571,1.0,0.85
Charles Cross,OT,SEA,1.0,67.0,70.0,64.0,90.0,58.0,78.0,60.0,51.0,80.0,,60.0,64.0,64.0,64.0,56.0,64.0,52.0,55.0,64,99.7,1.0,49.0,17.0,1.0,0.997,0.9014084507042254,0.915660172143975,17,0.915660172143975,1.0,0.85
Greg Van Roten,G,NYG,1.0,71.0,56.0,72.0,69.0,72.0,79.0,58.0,72.0,65.0,75.0,,59.0,63.0,78.0,68.0,59.0,56.0,53.0,66,100.0,1.0,18.0,1.0,1.0,1.0,0.9295774647887324,0.9244913928012518,17,0.9244913928012518,1.0,0.85
Nick Allegretti,G,WAS,1.0,59.0,72.0,59.0,69.0,58.0,59.0,69.0,74.0,62.0,64.0,66.0,70.0,83.0,,78.0,68.0,83.0,58.0,67,99.0,1.0,11.0,29.0,1.0,0.99,0.9436619718309859,0.9256486697965571,17,0.9256486697965571,1.0,0.85
Laken Tomlinson,G,SEA,1.0,67.0,70.0,64.0,90.0,58.0,78.0,60.0,51.0,80.0,,60.0,64.0,64.0,64.0,56.0,64.0,52.0,55.0,64,99.7,1.0,49.0,17.0,1.0,0.997,0.9014084507042254,0.915660172143975,17,0.915660172143975,1.0,0.85
Coleman Shelton,C,CHI,1.0,56.0,70.0,90.0,60.0,72.0,63.0,,63.0,74.0,60.0,72.0,76.0,66.0,49.0,64.0,64.0,61.0,62.0,66,98.8,1.0,18.0,30.0,1.0,0.988,0.9295774647887324,0.921091392801252,17,0.921091392801252,1.0,0.85
Alex Cappa,G,CIN,1.0,51.0,64.0,62.0,67.0,67.0,53.0,55.0,58.0,74.0,82.0,82.0,,62.0,71.0,65.0,56.0,90.0,74.0,66,99.6,1.0,18.0,21.0,1.0,0.996,0.9295774647887324,0.9233580594679186,17,0.9244913928012518,0.9987741007194246,0.8490805755395684
Ben Bredeson,G,TB,1.0,64.0,48.0,57.0,77.0,53.0,77.0,82.0,73.0,55.0,61.0,,65.0,80.0,62.0,69.0,72.0,66.0,67.0,66,98.8,1.0,18.0,30.0,1.0,0.988,0.9295774647887324,0.921091392801252,17,0.9222247261345853,0.9987710876739517,0.8490783157554638
Elgton Jenkins,G,GB,1.0,67.0,70.0,63.0,76.0,59.0,73.0,58.0,70.0,65.0,,46.0,68.0,54.0,50.0,64.0,60.0,63.0,65.0,63,98.8,1.0,61.0,30.0,1.0,0.988,0.8873239436619719,0.9091195618153365,17,0.9102528951486698,0.9987549247693981,0.8490661935770486
David Edwards,G,BUF,1.0,62.0,45.0,64.0,51.0,61.0,69.0,55.0,69.0,66.0,73.0,71.0,,43.0,60.0,69.0,57.0,62.0,,61,89.8,1.0,98.0,95.0,1.0,0.898,0.8591549295774648,0.8241302034428795,16,0.8254184663536775,0.9984392608557826,0.8488294456418369
Matthew Bergeron,OL,ATL,1.0,56.0,,61.0,56.0,87.0,70.0,35.0,62.0,57.0,78.0,59.0,,81.0,74.0,58.0,67.0,64.0,79.0,65,96.7,1.0,33.0,53.0,1.0,0.9670000000000001,0.9154929577464789,0.8575536776212832,16,0.8604870109546165,0.9965910777315754,0.8474433082986815
Zach Tom,OL,GB,1.0,67.0,70.0,63.0,76.0,59.0,73.0,57.0,70.0,65.0,,46.0,68.0,54.0,50.0,64.0,60.0,63.0,65.0,62,98.7,1.0,85.0,34.0,1.0,0.987,0.8732394366197183,0.9048456181533645,17,0.9102528951486698,0.9940595882483602,0.8455446911862701
Brandon Scherff,G,JAX,1.0,53.0,60.0,70.0,58.0,58.0,62.0,61.0,50.0,54.0,44.0,48.0,,70.0,59.0,84.0,67.0,46.0,69.0,59,98.1,1.0,121.0,44.0,1.0,0.981,0.8309859154929577,0.8911737871674491,17,0.897147730829421,0.9933411817734311,0.8450058863300733
Evan Brown,C,ARI,1.0,61.0,66.0,59.0,59.0,55.0,40.0,57.0,66.0,58.0,59.0,,58.0,82.0,71.0,70.0,70.0,79.0,60.0,62,97.6,1.0,85.0,48.0,1.0,0.976,0.8732394366197183,0.901728951486698,17,0.9079862284820032,0.9931086212554497,0.8448314659415873
Colton McKivitz,OT,SF,1.0,72.0,70.0,71.0,63.0,64.0,65.0,63.0,68.0,,64.0,63.0,49.0,48.0,58.0,54.0,64.0,64.0,62.0,62,98.4,1.0,85.0,40.0,1.0,0.9840000000000001,0.8732394366197183,0.9039956181533646,17,0.9108195618153364,0.9925079083189966,0.8443809312392474
Zion Johnson,G,LAC,1.0,57.0,69.0,46.0,56.0,,78.0,66.0,66.0,57.0,59.0,67.0,69.0,46.0,60.0,42.0,65.0,69.0,75.0,61,98.1,1.0,98.0,44.0,1.0,0.981,0.8591549295774648,0.8991550078247261,17,0.9059789514866979,0.9924678783643109,0.8443509087732332
Tyler Linderbaum,C,BAL,1.0,80.0,65.0,63.0,57.0,78.0,68.0,59.0,68.0,51.0,63.0,61.0,65.0,72.0,,49.0,62.0,63.0,70.0,64,98.6,1.0,49.0,37.0,1.0,0.986,0.9014084507042254,0.9125435054773082,17,0.9196507824726134,0.9922717654018667,0.8442038240513999
Brian O'Neill,OT,MIN,1.0,55.0,54.0,60.0,68.0,73.0,,60.0,50.0,73.0,84.0,73.0,71.0,53.0,60.0,63.0,66.0,72.0,65.0,64,98.5,1.0,49.0,39.0,1.0,0.985,0.9014084507042254,0.9122601721439749,17,0.9205007824726134,0.9910476878612717,0.8432857658959537
Ronnie Stanley,OT,BAL,1.0,80.0,65.0,63.0,57.0,76.0,68.0,59.0,68.0,51.0,63.0,61.0,65.0,72.0,,49.0,62.0,60.0,70.0,64,98.1,1.0,49.0,44.0,1.0,0.981,0.9014084507042254,0.9111268388106416,17,0.9196507824726134,0.9907313256026881,0.843048494202016
Chris Lindstrom,G,ATL,1.0,53.0,,61.0,56.0,87.0,70.0,73.0,40.0,57.0,77.0,46.0,,81.0,74.0,58.0,62.0,64.0,79.0,64,96.2,1.0,49.0,55.0,1.0,0.9620000000000001,0.9014084507042254,0.852464475743349,16,0.8604870109546165,0.9906767503644623,0.8430075627733468
Dion Dawkins,OT,BUF,1.0,62.0,41.0,56.0,51.0,61.0,66.0,55.0,69.0,66.0,74.0,70.0,,43.0,60.0,70.0,59.0,58.0,,60,88.3,1.0,105.0,100.0,1.0,0.883,0.8450704225352113,0.8163743348982786,16,0.8254184663536775,0.9890429741712082,0.8417822306284062
Connor McGovern,G,BUF,1.0,62.0,41.0,56.0,43.0,61.0,69.0,55.0,69.0,66.0,74.0,73.0,,43.0,60.0,70.0,59.0,60.0,,60,88.3,1.0,105.0,100.0,1.0,0.883,0.8450704225352113,0.8163743348982786,16,0.8254184663536775,0.9890429741712082,0.8417822306284062
Garett Bolles,OT,DEN,1.0,54.0,61.0,68.0,61.0,59.0,55.0,63.0,72.0,72.0,58.0,59.0,68.0,66.0,,63.0,64.0,60.0,65.0,62,96.9,1.0,85.0,52.0,1.0,0.9690000000000001,0.8732394366197183,0.8997456181533647,17,0.9128268388106415,0.9856695485922381,0.8392521614441786
Damien Lewis,G,CAR,1.0,59.0,48.0,54.0,,60.0,66.0,42.0,61.0,53.0,60.0,,62.0,70.0,71.0,55.0,68.0,47.0,67.0,58,91.2,1.0,129.0,85.0,1.0,0.912,0.8169014084507042,0.8165959311424099,16,0.8302410015649453,0.9835649282596073,0.8376736961947054
Broderick Jones,OT,PIT,1.0,68.0,11.0,68.0,70.0,58.0,67.0,68.0,66.0,,77.0,78.0,69.0,69.0,65.0,43.0,60.0,75.0,61.0,63,95.0,1.0,61.0,61.0,1.0,0.95,0.8873239436619719,0.8983528951486698,17,0.9165341158059467,0.9801630726628333,0.835122304497125
John Simpson,OL,NYJ,1.0,51.0,57.0,73.0,74.0,72.0,63.0,57.0,62.0,12.0,58.0,50.0,,68.0,68.0,58.0,69.0,63.0,64.0,59,95.6,1.0,121.0,58.0,1.0,0.956,0.8309859154929577,0.8840904538341159,17,0.9085289514866979,0.9731010248901906,0.8298257686676429
Robert Jones,OL,MIA,1.0,71.0,40.0,61.0,60.0,78.0,,69.0,65.0,61.0,29.0,68.0,68.0,71.0,72.0,68.0,67.0,60.0,70.0,63,94.7,1.0,61.0,63.0,1.0,0.9470000000000001,0.8873239436619719,0.8975028951486698,17,0.9244913928012518,0.9708071942446045,0.8281053956834533
Landon Dickerson,G,PHI,1.0,76.0,,72.0,57.0,,62.0,54.0,58.0,79.0,54.0,63.0,71.0,56.0,58.0,31.0,74.0,60.0,,62,86.1,1.0,85.0,108.0,1.0,0.861,0.8732394366197183,0.7668931924882629,15,0.7964776995305165,0.9628558250159519,0.8221418687619639
Tytus Howard,OT,HOU,1.0,79.0,62.0,67.0,75.0,,66.0,64.0,71.0,79.0,68.0,64.0,56.0,63.0,,50.0,59.0,50.0,45.0,63,92.0,1.0,61.0,81.0,1.0,0.92,0.8873239436619719,0.837508607198748,16,0.8804310641627544,0.9512483615002573,0.8134362711251929
Jawaan Taylor,OT,KC,1.0,54.0,65.0,74.0,62.0,84.0,,70.0,72.0,85.0,68.0,55.0,74.0,71.0,69.0,75.0,54.0,62.0,,68,95.3,1.0,5.0,59.0,1.0,0.953,0.9577464788732394,0.8650879499217526,16,0.9128507824726134,0.9476772836613154,0.8107579627459865
Liam Eichenberg,OL,MIA,1.0,71.0,76.0,61.0,60.0,78.0,,69.0,65.0,61.0,53.0,68.0,68.0,71.0,72.0,68.0,33.0,26.0,35.0,60,90.9,1.0,105.0,87.0,1.0,0.909,0.8450704225352113,0.8747643974960877,17,0.9244913928012518,0.9462115107913671,0.8096586330935253
Patrick Mekari,OL,BAL,1.0,60.0,47.0,63.0,57.0,78.0,68.0,59.0,68.0,57.0,63.0,61.0,65.0,72.0,,49.0,62.0,63.0,6.0,58,89.9,1.0,129.0,94.0,1.0,0.899,0.8169014084507042,0.8639498435054772,17,0.9196507824726134,0.9394325106565166,0.8045743829923874
Sean Rhyan,G,GB,1.0,42.0,50.0,63.0,76.0,59.0,40.0,45.0,48.0,65.0,,46.0,72.0,54.0,42.0,64.0,69.0,63.0,65.0,56,88.8,1.0,144.0,98.0,1.0,0.888,0.7887323943661971,0.8528519561815336,17,0.9102528951486698,0.9369395700106387,0.802704677507979
Joe Alt,OT,LAC,1.0,57.0,69.0,46.0,,,78.0,66.0,66.0,57.0,59.0,67.0,69.0,46.0,60.0,52.0,65.0,79.0,75.0,63,94.8,1.0,61.0,62.0,1.0,0.948,0.8873239436619719,0.8449752738654146,16,0.9059789514866979,0.9326654581531092,0.7994990936148318
Spencer Brown,OT,BUF,1.0,62.0,45.0,64.0,59.0,61.0,66.0,55.0,76.0,66.0,66.0,,,58.0,60.0,65.0,59.0,70.0,,62,85.7,1.0,85.0,110.0,1.0,0.857,0.8732394366197183,0.7658931924882629,15,0.8254184663536775,0.9278847320579462,0.7959135490434596
Graham Glasgow,G,DET,1.0,61.0,85.0,68.0,53.0,,68.0,57.0,48.0,57.0,65.0,79.0,72.0,70.0,80.0,79.0,,71.0,68.0,67,94.3,1.0,11.0,64.0,1.0,0.943,0.9436619718309859,0.8586654147104851,16,0.9281986697965571,0.9250879608550696,0.7938159706413022
Graham Barton,C,TB,1.0,64.0,48.0,57.0,77.0,53.0,,82.0,73.0,55.0,61.0,,65.0,80.0,62.0,72.0,72.0,77.0,67.0,66,93.3,1.0,18.0,71.0,1.0,0.9329999999999999,0.9295774647887324,0.8522428794992174,16,0.9222247261345853,0.9241162759442701,0.7930872069582026
Josh Myers,C,GB,1.0,65.0,70.0,63.0,76.0,59.0,68.0,58.0,70.0,,,46.0,68.0,54.0,50.0,64.0,69.0,63.0,65.0,63,93.0,1.0,61.0,74.0,1.0,0.93,0.8873239436619719,0.8401752738654147,16,0.9102528951486698,0.923013020165336,0.792259765124002
Ikem Ekwonu,OT,CAR,1.0,59.0,48.0,74.0,70.0,60.0,66.0,43.0,50.0,,,,62.0,70.0,71.0,55.0,68.0,47.0,67.0,60,88.0,1.0,105.0,103.0,1.0,0.88,0.8450704225352113,0.7646009389671362,15,0.8302410015649453,0.9209385437793578,0.7907039078345183
Kaleb McGary,OT,ATL,1.0,56.0,,15.0,,87.0,70.0,73.0,62.0,57.0,78.0,59.0,,81.0,74.0,58.0,67.0,64.0,79.0,65,91.1,1.0,33.0,86.0,1.0,0.9109999999999999,0.9154929577464789,0.789956572769953,15,0.8604870109546165,0.9180342790922345,0.7885257093191759
Frank Ragnow,C,DET,1.0,61.0,85.0,68.0,,,57.0,57.0,42.0,57.0,65.0,63.0,72.0,70.0,80.0,79.0,65.0,71.0,68.0,66,92.5,1.0,18.0,78.0,1.0,0.925,0.9295774647887324,0.8501095461658841,16,0.9281986697965571,0.915870248286621,0.7869026862149657
Anton Harrison,OT,JAX,1.0,53.0,60.0,47.0,58.0,58.0,59.0,61.0,57.0,51.0,44.0,48.0,,70.0,,84.0,66.0,58.0,69.0,58,91.3,1.0,129.0,84.0,1.0,0.9129999999999999,0.8169014084507042,0.8168625978090766,16,0.897147730829421,0.9105106881938829,0.7828830161454122
Kevin Zeitler,G,DET,1.0,61.0,85.0,68.0,53.0,,57.0,,42.0,57.0,65.0,63.0,72.0,70.0,77.0,79.0,65.0,71.0,63.0,65,91.4,1.0,33.0,83.0,1.0,0.914,0.9154929577464789,0.8434203442879499,16,0.9281986697965571,0.9086635994348182,0.7814976995761137
Ethan Pocic,C,CLE,1.0,76.0,72.0,67.0,21.0,52.0,,84.0,69.0,79.0,,70.0,58.0,86.0,72.0,62.0,66.0,79.0,59.0,67,90.8,1.0,11.0,89.0,1.0,0.9079999999999999,0.9436619718309859,0.8493320813771517,16,0.9356132237871675,0.907781185412528,0.7808358890593959
Cooper Beebe,G,DAL,1.0,62.0,70.0,80.0,56.0,76.0,69.0,,62.0,77.0,60.0,83.0,66.0,76.0,24.0,,60.0,62.0,78.0,66,90.6,1.0,18.0,91.0,1.0,0.9059999999999999,0.9295774647887324,0.8450428794992174,16,0.9324726134585288,0.9062388184945875,0.7796791138709406
Darnell Wright,OT,CHI,1.0,56.0,70.0,90.0,60.0,75.0,66.0,,63.0,57.0,,72.0,76.0,37.0,49.0,64.0,64.0,61.0,62.0,63,90.0,1.0,61.0,93.0,1.0,0.9,0.8873239436619719,0.8321752738654147,16,0.921091392801252,0.9034665619169203,0.7775999214376902
Tyler Smith,G,DAL,1.0,62.0,70.0,80.0,56.0,76.0,51.0,,62.0,77.0,54.0,70.0,,76.0,60.0,64.0,60.0,59.0,78.0,65,90.1,1.0,33.0,92.0,1.0,0.9009999999999999,0.9154929577464789,0.8399536776212831,16,0.9324726134585288,0.9007810690610053,0.775585801795754
Tristan Wirfs,OT,TB,1.0,64.0,48.0,57.0,74.0,53.0,77.0,82.0,73.0,55.0,17.0,,,80.0,62.0,69.0,72.0,66.0,67.0,63,89.0,1.0,61.0,96.0,1.0,0.89,0.8873239436619719,0.829508607198748,16,0.9222247261345853,0.8994647223085768,0.7745985417314326
Lane Johnson,OT,PHI,1.0,76.0,,18.0,,,62.0,54.0,55.0,79.0,54.0,71.0,71.0,56.0,58.0,79.0,74.0,59.0,,62,81.0,1.0,85.0,125.0,1.0,0.81,0.8732394366197183,0.7038669796557121,14,0.7964776995305165,0.8837246542754508,0.7627934907065881
Beaux Limmer,OL,LAR,1.0,41.0,52.0,58.0,61.0,78.0,,55.0,72.0,77.0,,52.0,64.0,56.0,77.0,65.0,52.0,57.0,,57,84.1,1.0,137.0,115.0,1.0,0.841,0.8028169014084507,0.744287558685446,15,0.8463311424100155,0.879428301038303,0.7595712257787273
Alaric Jackson,OL,LAR,1.0,,,58.0,61.0,78.0,,55.0,72.0,77.0,70.0,52.0,64.0,56.0,77.0,65.0,52.0,57.0,,63,93.1,1.0,61.0,72.0,1.0,0.9309999999999999,0.8873239436619719,0.7353866979655712,14,0.8463311424100155,0.8689113056521606,0.7516834792391204
Mekhi Becton,OT,PHI,1.0,76.0,,14.0,57.0,,62.0,15.0,,79.0,68.0,71.0,71.0,56.0,58.0,79.0,74.0,52.0,,60,78.0,1.0,105.0,137.0,1.0,0.78,0.8450704225352113,0.6902942097026604,14,0.7964776995305165,0.8666836624673284,0.7500127468504963
Shaq Mason,G,HOU,1.0,79.0,62.0,67.0,75.0,68.0,63.0,64.0,71.0,79.0,68.0,64.0,56.0,63.0,,50.0,4.0,,,62,84.3,1.0,85.0,114.0,1.0,0.843,0.8732394366197183,0.762393192488263,15,0.8804310641627544,0.865931727673944,0.749448795755458
Trevor Penning,OT,NO,2.0,66.0,53.0,56.0,74.0,53.0,70.0,70.0,73.0,79.0,53.0,60.0,,70.0,68.0,55.0,56.0,60.0,66.0,63,99.4,161.0,61.0,23.0,0.6666666666666667,0.9940000000000001,0.8873239436619719,0.7848936358894105,17,0.9079862284820032,0.864433414592221,0.7483250609441657
Jackson Powers-Johnson,G,OAK,1.0,,,21.0,59.0,70.0,63.0,79.0,58.0,61.0,,65.0,77.0,68.0,67.0,67.0,73.0,77.0,51.0,63,85.1,1.0,61.0,111.0,1.0,0.851,0.8873239436619719,0.7679143192488262,15,0.9003362284820031,0.8529194926916974,0.7396896195187731
Ezra Cleveland,G,JAX,1.0,53.0,60.0,71.0,58.0,58.0,62.0,61.0,36.0,,,47.0,,70.0,59.0,84.0,67.0,56.0,69.0,60,88.2,1.0,105.0,102.0,1.0,0.882,0.8450704225352113,0.7651009389671363,15,0.897147730829421,0.8528148850800678,0.7396111638100508
Roger Rosengarten,OT,BAL,1.0,20.0,18.0,,57.0,71.0,68.0,59.0,68.0,57.0,63.0,61.0,65.0,72.0,,59.0,62.0,63.0,70.0,54,84.1,1.0,153.0,115.0,1.0,0.841,0.7605633802816901,0.7826391236306729,16,0.9196507824726134,0.8510177325423842,0.7382632994067881
Zach Frazier,C,PIT,1.0,68.0,66.0,68.0,70.0,58.0,48.0,,,,78.0,78.0,69.0,69.0,65.0,43.0,60.0,75.0,61.0,65,86.4,1.0,33.0,107.0,1.0,0.8640000000000001,0.9154929577464789,0.7782065727699531,15,0.9165341158059467,0.8490754019403234,0.7368065514552425
John Michael Schmitz Jr.,C,NYG,1.0,71.0,56.0,72.0,69.0,72.0,79.0,58.0,72.0,65.0,75.0,,59.0,63.0,49.0,68.0,59.0,,,65,87.7,1.0,33.0,104.0,1.0,0.877,0.9154929577464789,0.7814565727699531,15,0.9244913928012518,0.8452826914938639,0.7339620186203979
DJ Glaze,OT,OAK,1.0,,,62.0,59.0,70.0,63.0,79.0,58.0,61.0,,65.0,77.0,68.0,67.0,67.0,74.0,77.0,51.0,58,88.9,1.0,129.0,97.0,1.0,0.889,0.8169014084507042,0.7598086854460094,15,0.9003362284820031,0.843916596277673,0.7329374472082547
Taylor Moton,OT,CAR,1.0,59.0,48.0,74.0,70.0,29.0,,,61.0,53.0,60.0,,62.0,70.0,71.0,55.0,68.0,,67.0,60,81.9,1.0,105.0,123.0,1.0,0.8190000000000001,0.8450704225352113,0.6993942097026604,14,0.8302410015649453,0.8423990243608206,0.7317992682706155
Alijah Vera-Tucker,G,NYJ,1.0,51.0,57.0,73.0,74.0,72.0,63.0,26.0,,,58.0,51.0,,68.0,68.0,58.0,69.0,63.0,64.0,61,85.8,1.0,98.0,109.0,1.0,0.858,0.8591549295774648,0.7626220657276995,15,0.9085289514866979,0.8394031521832745,0.7295523641374558
Rashawn Slater,OT,LAC,1.0,57.0,69.0,30.0,,,72.0,66.0,66.0,57.0,59.0,67.0,69.0,46.0,60.0,52.0,65.0,69.0,,60,84.7,1.0,105.0,113.0,1.0,0.847,0.8450704225352113,0.7563509389671362,15,0.9059789514866979,0.8348438313340234,0.7261328735005176
Demontrey Jacobs,OT,NE,1.0,,,14.0,64.0,60.0,66.0,60.0,67.0,48.0,64.0,76.0,50.0,72.0,,51.0,73.0,38.0,64.0,57,79.3,1.0,137.0,129.0,1.0,0.7929999999999999,0.8028169014084507,0.732287558685446,15,0.8818477308294209,0.8304013641864154,0.7228010231398115
Matt Pryor,G,CHI,1.0,,,90.0,60.0,71.0,66.0,,63.0,74.0,60.0,72.0,76.0,67.0,53.0,67.0,64.0,61.0,62.0,59,88.6,1.0,121.0,99.0,1.0,0.8859999999999999,0.8309859154929577,0.7625798122065728,15,0.921091392801252,0.8279089547101197,0.7209317160325898
Tyler Biadasz,C,WAS,1.0,59.0,72.0,59.0,72.0,67.0,59.0,54.0,74.0,62.0,59.0,66.0,70.0,83.0,,,68.0,22.0,,63,81.3,1.0,61.0,124.0,1.0,0.813,0.8873239436619719,0.7584143192488263,15,0.9256486697965571,0.8193328030336972,0.7144996022752729
Dillon Radunz,OT,TEN,1.0,49.0,66.0,54.0,65.0,,58.0,73.0,75.0,,54.0,59.0,67.0,55.0,64.0,70.0,31.0,,62.0,60,82.4,1.0,105.0,122.0,1.0,0.8240000000000001,0.8450704225352113,0.7506009389671362,15,0.9165101721439749,0.8189772048151628,0.714232903611372
Jermaine Eluemunor,OL,NYG,1.0,71.0,56.0,72.0,69.0,72.0,79.0,58.0,72.0,65.0,75.0,,4.0,,,68.0,59.0,56.0,53.0,61,82.6,1.0,98.0,120.0,1.0,0.826,0.8591549295774648,0.7546220657276995,15,0.9244913928012518,0.8162564536606011,0.7121923402454508
Dylan Parham,G,OAK,1.0,60.0,63.0,43.0,51.0,70.0,20.0,,,32.0,,65.0,77.0,68.0,67.0,67.0,74.0,74.0,51.0,58,78.5,1.0,129.0,133.0,1.0,0.785,0.8169014084507042,0.7338086854460094,15,0.9003362284820031,0.8150384958775182,0.7112788719081387
Mason McCormick,G,PIT,1.0,,,25.0,70.0,58.0,67.0,68.0,66.0,,78.0,78.0,69.0,69.0,65.0,43.0,60.0,75.0,48.0,55,83.2,1.0,147.0,119.0,1.0,0.8320000000000001,0.7746478873239436,0.7349953051643193,15,0.9165341158059467,0.8019290198685155,0.7014467649013866
Trey Pipkins III,OT,LAC,1.0,57.0,69.0,45.0,56.0,,30.0,66.0,66.0,57.0,,63.0,67.0,44.0,57.0,39.0,60.0,,62.0,55,78.5,1.0,147.0,133.0,1.0,0.785,0.7746478873239436,0.7232453051643192,15,0.9059789514866979,0.7983025477330179,0.6987269107997635
Paris Johnson Jr.,OT,ARI,1.0,61.0,60.0,59.0,59.0,58.0,58.0,57.0,66.0,58.0,52.0,,58.0,82.0,71.0,66.0,,,,61,90.9,1.0,98.0,87.0,1.0,0.909,0.8591549295774648,0.7236805946791863,14,0.9079862284820032,0.7970171484748793,0.6977628613561594
Cam Robinson,OT,MIN,2.0,53.0,60.0,71.0,58.0,58.0,62.0,5.0,,73.0,84.0,73.0,9.0,53.0,60.0,77.0,66.0,72.0,65.0,58,85.1,161.0,129.0,111.0,0.6666666666666667,0.851,0.8169014084507042,0.7244239175795514,17,0.9205007824726134,0.7869889210019269,0.6902416907514451
Brandon Coleman,OT,WAS,1.0,14.0,22.0,29.0,35.0,33.0,30.0,15.0,,62.0,64.0,66.0,70.0,83.0,,78.0,68.0,83.0,38.0,49,67.9,1.0,167.0,156.0,1.0,0.679,0.6901408450704225,0.7206597809076681,16,0.9256486697965571,0.7785456884695332,0.6839092663521499
Mike McGlinchey,OT,DEN,1.0,69.0,59.0,,,,,63.0,72.0,72.0,58.0,59.0,68.0,66.0,,63.0,64.0,60.0,74.0,65,99.1,1.0,33.0,27.0,1.0,0.991,0.9154929577464789,0.7019623630672926,13,0.9128268388106415,0.7689983830689152,0.6767487873016864
Amarius Mims,OT,CIN,1.0,,,39.0,67.0,47.0,53.0,55.0,58.0,73.0,82.0,82.0,,62.0,71.0,69.0,34.0,30.0,14.0,55,73.5,1.0,147.0,146.0,1.0,0.735,0.7746478873239436,0.7107453051643192,15,0.9244913928012518,0.7687960220059248,0.6765970165044436
Bernhard Raimann,OT,IND,1.0,45.0,56.0,56.0,66.0,70.0,70.0,61.0,64.0,,13.0,,,62.0,,76.0,62.0,77.0,78.0,61,78.7,1.0,98.0,132.0,1.0,0.787,0.8591549295774648,0.6952139280125196,14,0.9113862284820031,0.7628093406353766,0.6721070054765325
Terron Armstead,OT,MIA,1.0,71.0,46.0,20.0,,78.0,,69.0,65.0,61.0,53.0,68.0,49.0,71.0,5.0,,67.0,27.0,70.0,54,72.1,1.0,153.0,150.0,1.0,0.721,0.7605633802816901,0.7037241784037559,15,0.9244913928012518,0.761201438848921,0.6709010791366907
Luke Wattenberg,C,DEN,1.0,69.0,61.0,68.0,61.0,53.0,,,,,58.0,59.0,68.0,66.0,,63.0,64.0,60.0,74.0,63,98.4,1.0,61.0,40.0,1.0,0.9840000000000001,0.8873239436619719,0.6943424100156494,13,0.9128268388106415,0.7606507395426013,0.6704880546569509
Vederian Lowe,OT,NE,1.0,53.0,65.0,,,60.0,11.0,,67.0,69.0,64.0,76.0,69.0,72.0,,51.0,73.0,53.0,21.0,57,73.6,1.0,137.0,145.0,1.0,0.736,0.8028169014084507,0.6701683881064163,14,0.8818477308294209,0.7599593043983798,0.6699694782987848
Taylor Decker,OT,DET,1.0,61.0,85.0,68.0,53.0,,68.0,57.0,42.0,57.0,,63.0,58.0,,,79.0,65.0,71.0,68.0,63,78.1,1.0,61.0,136.0,1.0,0.7809999999999999,0.8873239436619719,0.7003866979655712,14,0.9281986697965571,0.7545655049463519,0.6659241287097639
Juice Scruggs,OL,HOU,1.0,79.0,,67.0,75.0,68.0,66.0,64.0,71.0,79.0,68.0,64.0,56.0,63.0,,,,,53.0,67,78.9,1.0,11.0,131.0,1.0,0.789,0.9436619718309859,0.6642989827856025,13,0.8804310641627544,0.7545156115286747,0.665886708646506
Wyatt Teller,G,CLE,1.0,76.0,72.0,33.0,,,,,69.0,79.0,,73.0,58.0,86.0,72.0,62.0,66.0,79.0,59.0,68,96.3,1.0,5.0,54.0,1.0,0.963,0.9577464788732394,0.7050506259780908,13,0.9356132237871675,0.7535706080811819,0.6651779560608865
Andrew Wylie,G,WAS,1.0,59.0,72.0,59.0,72.0,67.0,59.0,69.0,73.0,62.0,,66.0,41.0,,,78.0,58.0,,58.0,63,76.8,1.0,61.0,141.0,1.0,0.768,0.8873239436619719,0.697353364632238,14,0.9256486697965571,0.7533672195364416,0.6650254146523312
Jon Runyan,G,NYG,1.0,71.0,56.0,72.0,69.0,72.0,79.0,58.0,72.0,65.0,75.0,,59.0,63.0,34.0,,,,,65,95.1,1.0,33.0,60.0,1.0,0.951,0.9154929577464789,0.6932956964006259,13,0.9244913928012518,0.7499212018620398,0.6624409013965299
Daniel Brunskill,G,TEN,1.0,,5.0,3.0,11.0,,5.0,14.0,7.0,77.0,54.0,59.0,67.0,55.0,64.0,70.0,61.0,69.0,62.0,40,62.4,1.0,186.0,165.0,1.0,0.624,0.5633802816901409,0.6721902973395931,16,0.9165101721439749,0.7334237172372579,0.6500677879279434
Kelvin Beachum,OT,ARI,1.0,39.0,66.0,,59.0,58.0,58.0,57.0,66.0,58.0,59.0,,,1.0,2.0,10.0,70.0,79.0,60.0,46,67.7,1.0,173.0,157.0,1.0,0.677,0.647887323943662,0.6645551643192488,15,0.9079862284820032,0.731900048121072,0.648925036090804
Jordan Mailata,OT,PHI,1.0,76.0,,72.0,57.0,,49.0,,,,,71.0,73.0,56.0,58.0,80.0,74.0,65.0,,66,90.8,1.0,18.0,89.0,1.0,0.9079999999999999,0.9295774647887324,0.5813336463223787,11,0.7964776995305165,0.7298806315167965,0.6474104736375973
Luke Goedeke,OT,TB,1.0,64.0,,,,,77.0,82.0,73.0,55.0,61.0,,65.0,80.0,62.0,72.0,72.0,77.0,67.0,69,79.4,1.0,2.0,128.0,1.0,0.794,0.971830985915493,0.6714856025039123,13,0.9222247261345853,0.7281149414832744,0.6460862061124558
Cesar Ruiz,C,NO,1.0,60.0,59.0,55.0,,,,,73.0,79.0,53.0,60.0,,70.0,68.0,55.0,56.0,60.0,66.0,62,74.8,1.0,85.0,144.0,1.0,0.748,0.8732394366197183,0.6401574334898279,13,0.9079862284820032,0.7050298929754265,0.6287724197315698
Isaac Seumalo,G,PIT,1.0,,,,,58.0,58.0,68.0,65.0,,76.0,76.0,69.0,67.0,65.0,43.0,60.0,63.0,61.0,63,73.4,1.0,61.0,147.0,1.0,0.7340000000000001,0.8873239436619719,0.6401757433489829,13,0.9165341158059467,0.6984745382729693,0.623855903704727
Cordell Volson,G,CIN,2.0,51.0,64.0,62.0,67.0,67.0,53.0,55.0,58.0,74.0,82.0,82.0,,,71.0,69.0,56.0,,74.0,57,86.6,161.0,137.0,106.0,0.6666666666666667,0.866,0.8028169014084507,0.6394264475743349,15,0.9244913928012518,0.6916521371138384,0.6187391028353788
Teven Jenkins,G,CHI,1.0,56.0,70.0,90.0,11.0,38.0,63.0,,46.0,74.0,19.0,,76.0,67.0,49.0,64.0,15.0,,,52,65.0,1.0,158.0,160.0,1.0,0.65,0.7323943661971831,0.6336697965571205,14,0.921091392801252,0.6879553988991083,0.6159665491743312
Cody Ford,G,CIN,1.0,,5.0,,14.0,26.0,1.0,37.0,29.0,74.0,82.0,82.0,,62.0,71.0,,56.0,90.0,60.0,43,60.6,1.0,180.0,166.0,1.0,0.606,0.6056338028169014,0.5938256651017214,14,0.9244913928012518,0.6423268726195515,0.5817451544646636
Jack Conklin,OT,CLE,1.0,,,,,,57.0,57.0,69.0,79.0,,73.0,58.0,86.0,72.0,62.0,66.0,79.0,59.0,68,69.2,1.0,5.0,153.0,1.0,0.6920000000000001,0.9577464788732394,0.5966159624413145,12,0.9356132237871675,0.6376737173790012,0.578255288034251
Tyler Guyton,OT,DAL,1.0,63.0,70.0,80.0,56.0,23.0,,,62.0,74.0,,60.0,46.0,14.0,,58.0,7.0,32.0,25.0,44,57.2,1.0,179.0,171.0,1.0,0.5720000000000001,0.6197183098591549,0.589178716744914,14,0.9324726134585288,0.6318455987245113,0.5738841990433835
Rob Havenstein,OL,LAR,1.0,,52.0,58.0,61.0,78.0,,55.0,72.0,58.0,,,,56.0,77.0,65.0,52.0,,,62,62.8,1.0,85.0,163.0,1.0,0.628,0.8732394366197183,0.5196716744913928,11,0.8463311424100155,0.6140287748499648,0.5605215811374735
Steve Avila,OL,LAR,1.0,37.0,,,,,,,,,70.0,52.0,64.0,56.0,77.0,65.0,52.0,57.0,66.0,59,93.6,1.0,121.0,67.0,1.0,0.9359999999999999,0.8309859154929577,0.5167198748043819,10,0.8463311424100155,0.6105410151078319,0.5579057613308739
Ben Brown,C,NE,1.0,,,,,,66.0,60.0,67.0,69.0,64.0,76.0,69.0,72.0,,51.0,73.0,,,66,92.6,1.0,18.0,77.0,1.0,0.9259999999999999,0.9295774647887324,0.5314851330203443,10,0.8818477308294209,0.602694903484592,0.5520211776134439
Morgan Moses,OL,NYJ,2.0,51.0,57.0,60.0,,,63.0,57.0,62.0,58.0,58.0,51.0,,17.0,33.0,58.0,69.0,28.0,,51,67.7,161.0,162.0,157.0,0.6666666666666667,0.677,0.7183098591549296,0.532979707876891,14,0.9085289514866979,0.5866403123474866,0.5399802342606149
Tyron Smith,OL,NYJ,1.0,51.0,57.0,73.0,74.0,72.0,63.0,57.0,62.0,58.0,25.0,,,,,,,,,59,87.6,1.0,121.0,105.0,1.0,0.8759999999999999,0.8309859154929577,0.5067198748043819,10,0.9085289514866979,0.5577366290586513,0.5183024717939885
Walker Little,OT,JAX,1.0,,1.0,24.0,,4.0,3.0,56.0,57.0,54.0,44.0,48.0,,70.0,59.0,83.0,5.0,,,33,49.2,1.0,200.0,182.0,1.0,0.49200000000000005,0.4647887323943662,0.49619311424100165,13,0.897147730829421,0.5530784921924361,0.5148088691443271
Ryan Kelly,C,IND,1.0,45.0,56.0,56.0,,,47.0,62.0,64.0,54.0,,,,,,,62.0,77.0,78.0,60,79.1,1.0,105.0,130.0,1.0,0.7909999999999999,0.8450704225352113,0.49490062597809076,10,0.9113862284820031,0.5430196447036433,0.5072647335277325
Trent Williams,OT,SF,1.0,70.0,70.0,69.0,63.0,64.0,64.0,54.0,68.0,,64.0,63.0,,,,,,,,64,69.1,1.0,49.0,154.0,1.0,0.691,0.9014084507042254,0.4876236306729264,10,0.9108195618153364,0.5353679818877116,0.5015259864157837
Orlando Brown Jr.,OT,CIN,1.0,51.0,64.0,62.0,67.0,67.0,53.0,18.0,29.0,,,,,62.0,,,,90.0,74.0,57,56.0,1.0,137.0,174.0,1.0,0.56,0.8028169014084507,0.49429420970266047,11,0.9244913928012518,0.534666102412188,0.500999576809141
Zack Martin,G,DAL,1.0,62.0,62.0,80.0,53.0,72.0,51.0,,62.0,77.0,54.0,66.0,,,,,,,,63,76.3,1.0,61.0,143.0,1.0,0.763,0.8873239436619719,0.49727621283255086,10,0.9324726134585288,0.5332877402030713,0.4999658051523035
Braxton Jones,OT,CHI,2.0,56.0,70.0,89.0,60.0,72.0,63.0,,18.0,,,72.0,76.0,67.0,53.0,,24.0,,,60,71.1,161.0,105.0,152.0,0.6666666666666667,0.711,0.8450704225352113,0.48899186228482006,12,0.921091392801252,0.530883109001467,0.49816233175110025
Nicholas Petit-Frere,OT,TEN,1.0,64.0,66.0,37.0,65.0,,,69.0,,,,30.0,67.0,55.0,64.0,70.0,34.0,,,41,56.8,1.0,182.0,172.0,1.0,0.568,0.5774647887323944,0.4544463223787168,11,0.9165101721439749,0.4958442755912235,0.47188320669341766
Lucas Patrick,OL,NO,1.0,36.0,59.0,56.0,74.0,44.0,,,73.0,43.0,,,,,68.0,55.0,55.0,,,51,58.5,1.0,162.0,169.0,1.0,0.585,0.7183098591549296,0.4394405320813772,10,0.9079862284820032,0.48397268405275945,0.46297951303956963
Olu Fashanu,OL,NYJ,1.0,,,14.0,74.0,72.0,,,1.0,37.0,33.0,51.0,,68.0,68.0,58.0,57.0,,,35,56.8,1.0,194.0,172.0,1.0,0.568,0.49295774647887325,0.43895336463223794,11,0.9085289514866979,0.4831473602618208,0.46236052019636564
Cade Mays,G,CAR,1.0,,,,,,,,10.0,53.0,60.0,,62.0,70.0,71.0,55.0,,47.0,67.0,45,68.5,1.0,177.0,155.0,1.0,0.685,0.6338028169014085,0.39782042253521127,9,0.8302410015649453,0.4791625826541306,0.459371936990598
Alec Anderson,OT,BUF,2.0,10.0,13.0,16.0,19.0,17.0,15.0,6.0,21.0,11.0,6.0,6.0,,32.0,9.0,13.0,11.0,19.0,67.0,17,26.7,161.0,245.0,226.0,0.6666666666666667,0.267,0.23943661971830985,0.39534222743870634,17,0.8254184663536775,0.4789597562375216,0.4592198171781412
Drew Dalman,OL,ATL,1.0,56.0,,19.0,,,,,,,,,,81.0,74.0,58.0,62.0,64.0,79.0,61,83.9,1.0,98.0,117.0,1.0,0.8390000000000001,0.8591549295774648,0.4041984350547731,8,0.8604870109546165,0.4697321748138406,0.45229913111038045
Andre James,C,OAK,2.0,60.0,63.0,64.0,59.0,70.0,63.0,79.0,42.0,,,,,,,,74.0,77.0,51.0,54,62.5,161.0,153.0,164.0,0.6666666666666667,0.625,0.7605633802816901,0.41698291601460624,11,0.9003362284820031,0.4631413274545814,0.4473559955909361
Layden Robinson,G,NE,2.0,65.0,68.0,52.0,64.0,,,19.0,,21.0,,,,72.0,,51.0,73.0,53.0,64.0,50,55.1,161.0,166.0,175.0,0.6666666666666667,0.551,0.704225352112676,0.39308761085028693,11,0.8818477308294209,0.4457545187314468,0.4343158890485851
Jarrett Patterson,OL,HOU,1.0,,62.0,,,,,,10.0,,68.0,64.0,56.0,63.0,,50.0,59.0,56.0,60.0,36,49.5,1.0,191.0,181.0,1.0,0.495,0.5070422535211268,0.38922926447574335,10,0.8804310641627544,0.4420894267808244,0.43156707008561834
Isaiah Adams,G,ARI,1.0,,6.0,,,,23.0,20.0,26.0,17.0,,,,15.0,71.0,70.0,70.0,79.0,65.0,30,42.2,1.0,210.0,191.0,1.0,0.42200000000000004,0.4225352112676056,0.39927589984350553,11,0.9079862284820032,0.4397378366751511,0.4298033775063633
Matt Goncalves,OT,IND,1.0,,,,,,,3.0,,54.0,51.0,70.0,55.0,62.0,,76.0,62.0,77.0,56.0,33,52.1,1.0,200.0,176.0,1.0,0.521,0.4647887323943662,0.38652034428794996,10,0.9113862284820031,0.4241015852650471,0.4180761889487853
Tyler Steen,OL,PHI,2.0,,,58.0,7.0,,1.0,51.0,59.0,,14.0,8.0,2.0,9.0,1.0,49.0,1.0,16.0,40.0,18,27.3,161.0,240.0,223.0,0.6666666666666667,0.273,0.2535211267605634,0.33026233698487223,14,0.7964776995305165,0.4146535893968472,0.4109901920476354
Dalton Risner,G,MIN,1.0,,,,,,,,,,,73.0,71.0,53.0,60.0,77.0,66.0,72.0,65.0,53,77.4,1.0,156.0,140.0,1.0,0.774,0.7464788732394366,0.38050829420970267,8,0.9205007824726134,0.4133709622577355,0.41002822169330166
Dan Skipper,OT,DET,2.0,2.0,1.0,15.0,4.0,,11.0,,6.0,4.0,65.0,16.0,15.0,69.0,80.0,5.0,6.0,11.0,13.0,19,28.2,161.0,237.0,218.0,0.6666666666666667,0.282,0.2676056338028169,0.38359853938445493,16,0.9281986697965571,0.4132720201684109,0.40995401512630814
Olu Oluwatimi,C,SEA,1.0,,,,,,,,3.0,1.0,,60.0,64.0,64.0,64.0,11.0,64.0,52.0,55.0,36,39.8,1.0,191.0,196.0,1.0,0.39799999999999996,0.5070422535211268,0.3730625978090767,10,0.915660172143975,0.4074247293464433,0.40556854700983247
Jordan Meredith,G,OAK,1.0,,,,,,43.0,79.0,58.0,61.0,,65.0,70.0,68.0,67.0,63.0,,,,41,51.1,1.0,182.0,178.0,1.0,0.511,0.5774647887323944,0.36326971830985916,9,0.9003362284820031,0.40348228452646406,0.402611713394848
Evan Neal,OT,NYG,1.0,,,,,,,,1.0,1.0,75.0,,59.0,63.0,78.0,68.0,59.0,56.0,,51,40.9,1.0,162.0,194.0,1.0,0.409,0.7183098591549296,0.3690964788732395,9,0.9244913928012518,0.3992427422767669,0.3994320567075752
Abraham Lucas,OT,SEA,1.0,,,,,,,,,,,42.0,64.0,64.0,64.0,59.0,64.0,52.0,,58,95.8,1.0,129.0,56.0,1.0,0.958,0.8169014084507042,0.3626273865414711,7,0.915660172143975,0.39602834935191755,0.39702126201393817
Fred Johnson,OT,PHI,2.0,,,54.0,57.0,,13.0,66.0,61.0,78.0,68.0,,2.0,,,6.0,,7.0,68.0,28,41.6,161.0,215.0,192.0,0.6666666666666667,0.41600000000000004,0.39436619718309857,0.31153009911319773,11,0.7964776995305165,0.3911347414960005,0.3933510561220004
Christian Darrisaw,OT,MIN,1.0,55.0,54.0,57.0,68.0,73.0,,60.0,25.0,,,,,,,,,,,56,92.7,1.0,144.0,76.0,1.0,0.927,0.7887323943661971,0.3557243348982786,7,0.9205007824726134,0.3864465317919076,0.38983489884393063
Brady Christensen,G,CAR,2.0,2.0,,7.0,3.0,19.0,66.0,43.0,61.0,53.0,60.0,,8.0,,,,68.0,,9.0,23,38.6,161.0,223.0,198.0,0.6666666666666667,0.386,0.323943661971831,0.31976651017214397,12,0.8302410015649453,0.3851490224758917,0.38886176685691876
Kenyon Green,G,HOU,3.0,79.0,62.0,67.0,73.0,68.0,66.0,64.0,61.0,22.0,,,,,,,,6.0,15.0,48,72.3,283.0,169.0,149.0,0.33333333333333337,0.723,0.676056338028169,0.3379751434533125,11,0.8804310641627544,0.38387462370459385,0.38790596777844544
Jamaree Salyer,OL,LAC,2.0,,,17.0,56.0,,48.0,1.0,1.0,,48.0,4.0,2.0,2.0,3.0,23.0,5.0,55.0,75.0,20,31.9,161.0,234.0,210.0,0.6666666666666667,0.319,0.28169014084507044,0.3475684402712572,14,0.9059789514866979,0.3836385378500269,0.3877289033875202
Matt Peart,OT,DEN,2.0,18.0,5.0,5.0,4.0,37.0,55.0,5.0,4.0,10.0,4.0,6.0,9.0,6.0,,5.0,4.0,2.0,12.0,11,17.3,161.0,270.0,255.0,0.6666666666666667,0.17300000000000001,0.15492957746478872,0.34476523213354204,17,0.9128268388106415,0.37768963123690624,0.3832672234276797
Mike Caliendo,G,KC,1.0,,,3.0,2.0,,,,1.0,4.0,,4.0,1.0,7.0,1.0,75.0,74.0,62.0,3.0,13,20.6,1.0,257.0,239.0,1.0,0.20600000000000002,0.18309859154929578,0.34448638497652584,12,0.9128507824726134,0.37737425611163433,0.38303069208372575
Brock Hoffman,C,DAL,2.0,1.0,,,,4.0,18.0,,,,6.0,13.0,66.0,76.0,60.0,73.0,60.0,62.0,78.0,30,44.2,161.0,210.0,188.0,0.6666666666666667,0.442,0.4225352112676056,0.3506848200312989,12,0.9324726134585288,0.3760805571872116,0.3820604178904087
Kendall Lamm,OT,MIA,1.0,,30.0,41.0,,,,,,,51.0,68.0,68.0,54.0,72.0,,67.0,60.0,,34,47.8,1.0,199.0,187.0,1.0,0.478,0.4788732394366197,0.3435309859154929,9,0.9244913928012518,0.3715891663140076,0.3786918747355057
Nick Saldiveri,OL,NO,1.0,,6.0,1.0,,38.0,70.0,25.0,,36.0,53.0,60.0,,55.0,,,,,,31,43.9,1.0,206.0,189.0,1.0,0.439,0.43661971830985913,0.3313429577464789,9,0.9079862284820032,0.3649206864077965,0.37369051480584736
Ryan Neuzil,OL,ATL,2.0,,,42.0,56.0,87.0,70.0,61.0,62.0,57.0,78.0,59.0,,,,,5.0,,,33,50.5,161.0,200.0,179.0,0.6666666666666667,0.505,0.4647887323943662,0.3097796035472092,10,0.8604870109546165,0.36000497346676097,0.3700037301000707
Cornelius Lucas,OT,WAS,2.0,45.0,50.0,30.0,37.0,34.0,29.0,54.0,46.0,,,,,83.0,,,10.0,49.0,,33,40.2,161.0,200.0,195.0,0.6666666666666667,0.402,0.4647887323943662,0.3218742305685968,11,0.9256486697965571,0.34772829159830115,0.3607962186987259
Jaylon Moore,OT,SF,1.0,2.0,,2.0,,,1.0,9.0,,,,12.0,49.0,48.0,61.0,54.0,33.0,,,18,28.9,1.0,240.0,217.0,1.0,0.289,0.2535211267605634,0.31264241001564946,10,0.9108195618153364,0.34325394745862514,0.35744046059396883
Spencer Anderson,G,PIT,2.0,68.0,66.0,56.0,64.0,1.0,11.0,1.0,1.0,,4.0,7.0,2.0,,,,,13.0,14.0,19,27.3,161.0,237.0,223.0,0.6666666666666667,0.273,0.2676056338028169,0.3097238132498696,13,0.9165341158059467,0.3379293884521871,0.3534470413391403
Germain Ifedi,G,CLE,2.0,2.0,11.0,,,,,,,,,43.0,58.0,86.0,72.0,62.0,66.0,79.0,59.0,35,48.3,161.0,194.0,185.0,0.6666666666666667,0.483,0.49295774647887325,0.31080777256129377,10,0.9356132237871675,0.3321968572688708,0.3491476429516531
Dalton Tucker,G,IND,1.0,,,,,25.0,70.0,62.0,64.0,54.0,64.0,70.0,55.0,,,,,,,33,42.7,1.0,200.0,190.0,1.0,0.42700000000000005,0.4647887323943662,0.2966829420970266,8,0.9113862284820031,0.3255293231621232,0.3441469923715924
Chandler Zavala,G,CAR,2.0,,,22.0,70.0,2.0,2.0,2.0,,4.0,4.0,,,1.0,7.0,2.0,13.0,2.0,67.0,11,19.1,161.0,270.0,247.0,0.6666666666666667,0.191,0.15492957746478872,0.26754400104329684,13,0.8302410015649453,0.3222486007544742,0.34168645056585567
Landon Young,OT,NO,2.0,31.0,7.0,1.0,74.0,53.0,70.0,70.0,,,,,,15.0,,,3.0,3.0,66.0,23,36.1,161.0,223.0,201.0,0.6666666666666667,0.361,0.323943661971831,0.2885359676577987,11,0.9079862284820032,0.3177757091538505,0.3383317818653879
Ed Ingram,G,MIN,2.0,55.0,54.0,63.0,68.0,73.0,,60.0,50.0,73.0,84.0,,,,,,,,,36,51.9,161.0,191.0,177.0,0.6666666666666667,0.519,0.5070422535211268,0.28723967136150236,9,0.9205007824726134,0.3120471778306699,0.3340353833730024
Sidy Sow,G,NE,1.0,,,,64.0,,8.0,41.0,1.0,4.0,6.0,7.0,20.0,3.0,,1.0,,,,12,14.2,1.0,266.0,264.0,1.0,0.142,0.16901408450704225,0.27405790297339594,10,0.8818477308294209,0.31077689876871495,0.33308267407653624
Larry Borom,OT,CHI,1.0,,,,,,,,,74.0,60.0,,,30.0,,3.0,40.0,61.0,62.0,41,50.3,1.0,182.0,180.0,1.0,0.503,0.5774647887323944,0.28160978090766825,7,0.921091392801252,0.3057348956993592,0.3293011717745194
Dawand Jones,OT,CLE,3.0,74.0,61.0,52.0,59.0,62.0,,27.0,69.0,77.0,,30.0,,,,,,,,51,73.2,283.0,162.0,148.0,0.33333333333333337,0.732,0.7183098591549296,0.2842131455399061,9,0.9356132237871675,0.30377204844269995,0.327829036332025
John Ojukwu,OT,TEN,2.0,,,,5.0,,,,29.0,30.0,21.0,,1.0,2.0,10.0,13.0,35.0,56.0,62.0,24,27.4,161.0,222.0,221.0,0.6666666666666667,0.27399999999999997,0.3380281690140845,0.27516812728221185,11,0.9165101721439749,0.30023466803267035,0.3251760010245027
Shane Lemieux,C,NO,1.0,,,,74.0,,,,,,,19.0,,70.0,,,49.0,60.0,66.0,48,60.1,1.0,169.0,167.0,1.0,0.601,0.676056338028169,0.2610389671361502,6,0.9079862284820032,0.28749220962586897,0.3156191572194017
Trent Scott,OT,WAS,2.0,2.0,,1.0,2.0,2.0,1.0,2.0,30.0,1.0,64.0,,29.0,,,3.0,,35.0,20.0,11,16.5,161.0,270.0,258.0,0.6666666666666667,0.165,0.15492957746478872,0.2619106677099635,13,0.9256486697965571,0.2829482461931559,0.31221118464486697
Jonah Williams,OT,ARI,2.0,22.0,,,,,,,,,,,58.0,82.0,71.0,70.0,40.0,,,57,83.3,161.0,137.0,118.0,0.6666666666666667,0.833,0.8028169014084507,0.25247057902973397,6,0.9079862284820032,0.2780555157227675,0.3085416367920756
Sataoa Laumea,G,SEA,1.0,,,,,,,,,,,,,64.0,64.0,59.0,64.0,52.0,55.0,59,32.5,1.0,121.0,208.0,1.0,0.325,0.8309859154929577,0.2489319248826291,6,0.915660172143975,0.2718606011876292,0.3038954508907219
Erik McCoy,OL,NO,2.0,66.0,53.0,3.0,,,,,,,,41.0,,,68.0,55.0,7.0,,,41,59.8,161.0,182.0,168.0,0.6666666666666667,0.598,0.5774647887323944,0.24084126238914974,7,0.9079862284820032,0.2652477040227746,0.29893577801708093
T.J. Bass,G,DAL,2.0,1.0,8.0,,3.0,53.0,69.0,,,,6.0,17.0,66.0,,36.0,56.0,,,,21,26.9,161.0,230.0,225.0,0.6666666666666667,0.26899999999999996,0.29577464788732394,0.24227725612936885,10,0.9324726134585288,0.25982238259069684,0.2948667869430226
Thayer Munford Jr.,OT,OAK,2.0,60.0,63.0,2.0,,,,3.0,17.0,41.0,,1.0,,6.0,4.0,,1.0,3.0,,14,17.9,161.0,254.0,252.0,0.6666666666666667,0.179,0.19718309859154928,0.2319298643714137,11,0.9003362284820031,0.25760361188892195,0.2932027089166914
Blake Fisher,OT,HOU,2.0,,,,22.0,68.0,16.0,,,6.0,2.0,,,,,50.0,57.0,56.0,60.0,22,30.4,161.0,226.0,213.0,0.6666666666666667,0.304,0.30985915492957744,0.22541220657276997,9,0.8804310641627544,0.2560248220990767,0.2920186165743075
Justin Skule,OT,TB,2.0,,48.0,57.0,77.0,53.0,,1.0,,,44.0,,65.0,,,3.0,,13.0,,21,31.6,161.0,230.0,211.0,0.6666666666666667,0.316,0.29577464788732394,0.22509953051643194,9,0.9222247261345853,0.24408316556411863,0.283062374173089
Will Hernandez,G,ARI,2.0,61.0,60.0,59.0,59.0,41.0,,,,,,,,,,,,,,56,92.4,161.0,144.0,79.0,0.6666666666666667,0.924,0.7887323943661971,0.2168017736045905,5,0.9079862284820032,0.2387720945581364,0.2790790709186023
Tanor Bortolini,G,IND,2.0,,,,66.0,70.0,23.0,1.0,,,64.0,70.0,55.0,,,,2.0,,,29,32.3,161.0,212.0,209.0,0.6666666666666667,0.32299999999999995,0.4084507042253521,0.2160452790818988,8,0.9113862284820031,0.23705128773093478,0.2777884657982011
Patrick Paul,OT,MIA,2.0,,,1.0,60.0,,,,,,2.0,,19.0,17.0,67.0,68.0,,33.0,70.0,19,29.6,161.0,237.0,215.0,0.6666666666666667,0.29600000000000004,0.2676056338028169,0.2178741784037559,9,0.9244913928012518,0.23566923402454512,0.2767519255184089
Ryan Van Demark,OT,BUF,2.0,,,,8.0,,3.0,,7.0,,9.0,73.0,,15.0,,5.0,,12.0,67.0,14,18.3,161.0,254.0,250.0,0.6666666666666667,0.183,0.19718309859154928,0.19036079812206574,9,0.8254184663536775,0.23062338181382463,0.2729675363603685
Mark Glowinski,G,IND,3.0,,,,,,,,,,,,,62.0,,76.0,62.0,77.0,78.0,71,100.0,283.0,1.0,1.0,0.33333333333333337,1.0,1.0,0.20370370370370372,5,0.9113862284820031,0.22350974519660102,0.26763230889745077
Cody Whitehair,G,OAK,2.0,60.0,36.0,64.0,8.0,,,,16.0,29.0,,,,,,4.0,1.0,3.0,,18,19.7,161.0,240.0,245.0,0.6666666666666667,0.19699999999999998,0.2535211267605634,0.20091150234741786,9,0.9003362284820031,0.22315163601287194,0.26736372700965394
Joshua Ezeudu,OL,NYG,2.0,,,,,2.0,1.0,58.0,,,1.0,,,1.0,78.0,2.0,2.0,9.0,28.0,10,16.2,161.0,274.0,260.0,0.6666666666666667,0.162,0.14084507042253522,0.19862232655190404,10,0.9244913928012518,0.21484497108195802,0.2611337283114685
Jake Curhan,OT,CHI,2.0,,,,,,,,,17.0,,65.0,,,4.0,3.0,49.0,61.0,62.0,26,39.8,161.0,218.0,196.0,0.6666666666666667,0.39799999999999996,0.36619718309859156,0.19286004173187274,7,0.921091392801252,0.20938209089690954,0.25703656817268217
Ben Cleveland,G,BAL,2.0,,,1.0,1.0,2.0,1.0,,1.0,3.0,1.0,1.0,,,,11.0,2.0,7.0,18.0,2,4.4,161.0,310.0,302.0,0.6666666666666667,0.044000000000000004,0.028169014084507043,0.1922115805946792,12,0.9196507824726134,0.20900496607841804,0.2567537245588135
Jedrick Wills Jr.,OT,CLE,1.0,,,40.0,,62.0,57.0,84.0,,2.0,,,,,,,,,,49,29.1,1.0,167.0,216.0,1.0,0.29100000000000004,0.6901408450704225,0.192872848200313,5,0.9356132237871675,0.20614591937852683,0.25460943953389514
Michael Deiter,G,WAS,2.0,,1.0,,3.0,9.0,,15.0,2.0,,5.0,,,,,78.0,,61.0,58.0,13,19.9,161.0,257.0,244.0,0.6666666666666667,0.19899999999999998,0.18309859154929578,0.1906481220657277,9,0.9256486697965571,0.2059616442895436,0.2544712332171577
Alex Forsyth,C,DEN,2.0,,,,,10.0,55.0,65.0,73.0,72.0,,3.0,,,,3.0,,,9.0,17,26.3,161.0,245.0,227.0,0.6666666666666667,0.263,0.23943661971830985,0.18551006781429316,8,0.9128268388106415,0.20322591309431876,0.25241943482073903
Trystan Colon,G,ARI,3.0,,6.0,,,20.0,53.0,37.0,40.0,41.0,59.0,,58.0,67.0,,,,,5.0,22,35.2,283.0,226.0,203.0,0.33333333333333337,0.35200000000000004,0.30985915492957744,0.18438393322900368,10,0.9079862284820032,0.2030690856812464,0.2523018142609348
Michael Dunn,G,CLE,2.0,,,,,,57.0,84.0,,2.0,,3.0,7.0,,,4.0,3.0,8.0,3.0,13,18.9,161.0,257.0,249.0,0.6666666666666667,0.18899999999999997,0.18309859154929578,0.1891481220657277,9,0.9356132237871675,0.2021648660544744,0.2516236495408558
Christian Haynes,G,SEA,2.0,1.0,15.0,,36.0,18.0,8.0,15.0,11.0,,,,60.0,,,3.0,,,,10,15.2,161.0,274.0,262.0,0.6666666666666667,0.152,0.14084507042253522,0.17726009389671363,9,0.915660172143975,0.19358720548221237,0.2451904041116593
Doug Kramer Jr.,C,CHI,2.0,,,,2.0,9.0,5.0,,16.0,,41.0,1.0,1.0,1.0,4.0,4.0,,,,5,7.4,161.0,297.0,294.0,0.6666666666666667,0.07400000000000001,0.07042253521126761,0.17221857068335944,10,0.921091392801252,0.18697229398659662,0.24022922048994746
Warren McClendon Jr.,OL,LAR,2.0,78.0,52.0,,,,,,,19.0,,52.0,64.0,,,,,,66.0,25,30.4,161.0,219.0,213.0,0.6666666666666667,0.304,0.352112676056338,0.1545001564945227,6,0.8463311424100155,0.18255284338771643,0.23691463254078735
Max Mitchell,OL,NYJ,2.0,,,,3.0,,,,,46.0,,1.0,,,35.0,,12.0,63.0,64.0,22,21.0,161.0,226.0,237.0,0.6666666666666667,0.21,0.30985915492957744,0.16435393844548776,7,0.9085289514866979,0.18090115694887038,0.2356758677116528
Zak Zinter,G,CLE,2.0,2.0,14.0,34.0,59.0,62.0,54.0,5.0,,,,3.0,,,,,,,,13,19.7,161.0,257.0,245.0,0.6666666666666667,0.19699999999999998,0.18309859154929578,0.1691983307250913,8,0.9356132237871675,0.18084217540257896,0.23563163155193423
Jordan Morgan,OT,GB,2.0,28.0,20.0,,,,38.0,13.0,22.0,65.0,,,,,,,,,,31,30.9,161.0,206.0,212.0,0.6666666666666667,0.309,0.43661971830985913,0.1634508607198748,6,0.9102528951486698,0.17956642773784168,0.23467482080338126
Chuma Edoga,G,DAL,2.0,,,,,,,,,,,,,62.0,60.0,23.0,53.0,30.0,,45,48.0,161.0,177.0,186.0,0.6666666666666667,0.48,0.6338028169014085,0.1668909754825248,5,0.9324726134585288,0.17897681183743117,0.23423260887807337
Sedrick Van Pran-Granger,C,BUF,2.0,,4.0,8.0,8.0,,,,7.0,,1.0,,,15.0,,,,10.0,67.0,7,11.0,161.0,290.0,280.0,0.6666666666666667,0.11,0.09859154929577464,0.1463307250912885,8,0.8254184663536775,0.17728065345776783,0.2329604900933259
Caedan Wallace,OT,NE,2.0,18.0,11.0,38.0,3.0,,,,,,,,,,,,,15.0,44.0,21,35.2,161.0,230.0,203.0,0.6666666666666667,0.35200000000000004,0.29577464788732394,0.1536663536776213,6,0.8818477308294209,0.1742549743061544,0.2306912307296158
Cole Van Lanen,OT,JAX,2.0,,,,,,,,,3.0,,,,,59.0,1.0,62.0,58.0,69.0,28,24.4,161.0,215.0,229.0,0.6666666666666667,0.244,0.39436619718309857,0.15272550860719875,6,0.897147730829421,0.17023451473928677,0.2276758860544651
Charlie Heck,OT,SF,2.0,,,11.0,,2.0,,,3.0,4.0,10.0,,,,,,,32.0,55.0,13,19.1,161.0,257.0,247.0,0.6666666666666667,0.191,0.18309859154929578,0.1473485393844549,7,0.9108195618153364,0.16177577377760471,0.22133183033320353
Michael Jerrell,OT,SEA,2.0,,,,,,,60.0,51.0,63.0,,18.0,,,,3.0,,,55.0,25,22.7,161.0,219.0,236.0,0.6666666666666667,0.22699999999999998,0.352112676056338,0.1468001564945227,6,0.915660172143975,0.16032165748871338,0.22024124311653503
Joe Noteboom,OL,LAR,2.0,27.0,,,,,,,,,70.0,,,,,,,57.0,66.0,55,34.5,161.0,147.0,205.0,0.6666666666666667,0.345,0.7746478873239436,0.13390245174752216,4,0.8463311424100155,0.1582152009274066,0.21866140069555495
Blake Hance,OT,JAX,2.0,,,,,,,,,21.0,44.0,1.0,,,,2.0,7.0,16.0,6.0,10,17.5,161.0,274.0,254.0,0.6666666666666667,0.175,0.14084507042253522,0.1405522952529995,7,0.897147730829421,0.15666572006268986,0.2174992900470174
Alex Palczewski,OT,DEN,2.0,,2.0,68.0,61.0,33.0,,,,,,3.0,,,,4.0,,,9.0,12,16.3,161.0,266.0,259.0,0.6666666666666667,0.163,0.16901408450704225,0.14243868022952533,7,0.9128268388106415,0.1560412930179774,0.21703096976348304
Chris Hubbard,OT,NYG,2.0,,,,,,,,72.0,65.0,,,55.0,63.0,,,,,2.0,32,36.4,161.0,205.0,200.0,0.6666666666666667,0.364,0.4507042253521127,0.1419660928534168,5,0.9244913928012518,0.1535612921427564,0.21517096910706732
Andrew Vorhees,OL,BAL,2.0,80.0,65.0,63.0,,,,,,3.0,,,,,,10.0,,,47.0,17,24.1,161.0,245.0,231.0,0.6666666666666667,0.24100000000000002,0.23943661971830985,0.1369325508607199,6,0.9196507824726134,0.14889624786982406,0.21167218590236805
Jake Kubas,G,NYG,2.0,,,,,,,,,,,,,,29.0,1.0,59.0,56.0,53.0,39,17.6,161.0,187.0,253.0,0.6666666666666667,0.17600000000000002,0.5492957746478874,0.1345153886280647,5,0.9244913928012518,0.14550204542248557,0.20912653406686418
Andrus Peat,G,OAK,2.0,,27.0,,4.0,2.0,2.0,3.0,1.0,11.0,,,7.0,,,,,,,3,5.1,161.0,304.0,301.0,0.6666666666666667,0.051,0.04225352112676056,0.13095232133541992,8,0.9003362284820031,0.14544824165990733,0.2090861812449305
James Hudson III,OT,CLE,3.0,76.0,72.0,15.0,59.0,,,,,,,,,,,,,,,55,81.0,283.0,147.0,125.0,0.33333333333333337,0.81,0.7746478873239436,0.13527282211789254,4,0.9356132237871675,0.14458199037668187,0.20843649278251142
James Daniels,G,PIT,3.0,68.0,66.0,68.0,6.0,,,,,,,,,,,,,,,52,76.5,283.0,158.0,142.0,0.33333333333333337,0.765,0.7323943661971831,0.12945592070944184,4,0.9165341158059467,0.1412450649429518,0.20593379870721384
Jonah Jackson,G,LAR,3.0,78.0,52.0,,,,,,,,70.0,,,,,,,,66.0,66,38.6,283.0,18.0,198.0,0.33333333333333337,0.386,0.9295774647887324,0.11733479394887844,4,0.8463311424100155,0.1386393434781987,0.20397950760864902
Kendrick Green,OL,HOU,2.0,,,,2.0,,7.0,,,57.0,,,,,,,55.0,50.0,7.0,10,16.1,161.0,274.0,261.0,0.6666666666666667,0.161,0.14084507042253522,0.11907339593114243,6,0.8804310641627544,0.13524442830101097,0.20143332122575824
Matt Lee,C,CIN,2.0,,,,,,,3.0,1.0,6.0,1.0,,,3.0,,5.0,4.0,4.0,,1,2.4,161.0,320.0,313.0,0.6666666666666667,0.024,0.014084507042253521,0.12359645279081899,8,0.9244913928012518,0.133691296374665,0.20026847228099875
Kayode Awosika,G,DET,2.0,,1.0,,53.0,,14.0,57.0,6.0,,,16.0,,,,,,,,13,12.8,161.0,257.0,273.0,0.6666666666666667,0.128,0.18309859154929578,0.11999874804381847,6,0.9281986697965571,0.1292813186966965,0.1969609890225224
Zach Thomas,OT,HOU,3.0,,,23.0,1.0,3.0,55.0,1.0,1.0,,,2.0,,,,5.0,4.0,6.0,,7,9.6,283.0,290.0,285.0,0.33333333333333337,0.096,0.09859154929577464,0.1065059989567032,10,0.8804310641627544,0.12097028750114018,0.19072771562585514
Olisaemeka Udoh,OL,NO,3.0,6.0,6.0,53.0,4.0,,,,,1.0,13.0,4.0,,,,,,60.0,2.0,10,13.7,283.0,274.0,269.0,0.33333333333333337,0.13699999999999998,0.14084507042253522,0.10834342723004696,9,0.9079862284820032,0.11932276485203805,0.18949207363902854
Asim Richards,G,DAL,3.0,1.0,,,,1.0,18.0,,,3.0,60.0,23.0,22.0,,,,,,53.0,13,20.1,283.0,257.0,242.0,0.33333333333333337,0.201,0.18309859154929578,0.11047240479916537,8,0.9324726134585288,0.11847254622248331,0.18885440966686248
Kyle Hinton,OL,ATL,2.0,3.0,,,,,,38.0,22.0,,1.0,13.0,,,,,5.0,,,4,7.2,161.0,301.0,295.0,0.6666666666666667,0.07200000000000001,0.056338028169014086,0.1017226917057903,6,0.8604870109546165,0.11821525532725946,0.18866144149544462
Jack Driscoll,OL,PHI,3.0,,,,,,,12.0,7.0,1.0,14.0,,2.0,,,1.0,,5.0,68.0,8,12.5,283.0,285.0,275.0,0.33333333333333337,0.125,0.11267605633802817,0.09094940010432968,8,0.7964776995305165,0.11418951234659774,0.1856421342599483
Robert Hainsey,C,TB,2.0,,,1.0,,,77.0,,,,,,2.0,1.0,,3.0,,11.0,,5,8.3,161.0,297.0,289.0,0.6666666666666667,0.083,0.07042253521126761,0.10423114241001566,6,0.9222247261345853,0.11302141382273526,0.18476606036705145
Storm Norton,OL,ATL,2.0,,,46.0,56.0,,,7.0,,,,13.0,,,,,5.0,,,7,11.1,161.0,290.0,279.0,0.6666666666666667,0.111,0.09859154929577464,0.09154003651538865,5,0.8604870109546165,0.1063816598624016,0.1797862448968012
Josh Jones,OL,BAL,2.0,,,,,9.0,,,,6.0,,,,2.0,,11.0,2.0,16.0,,2,4.1,161.0,310.0,303.0,0.6666666666666667,0.040999999999999995,0.028169014084507043,0.0958057902973396,6,0.9196507824726134,0.10417627225820647,0.17813220419365486
Justin Dedich,OL,LAR,2.0,,,2.0,,,,55.0,72.0,77.0,,,,,,,,,,15,20.4,161.0,252.0,240.0,0.6666666666666667,0.204,0.2112676056338028,0.08694376630151278,4,0.8463311424100155,0.10273019855317081,0.17704764891487812
Jon Gaines II,C,ARI,2.0,,,,,,,,,1.0,7.0,,,,2.0,5.0,,2.0,5.0,1,2.0,161.0,320.0,317.0,0.6666666666666667,0.02,0.014084507042253521,0.09229733959311426,6,0.9079862284820032,0.10165059413667489,0.17623794560250616
Yosh Nijman,OT,CAR,2.0,,,,,31.0,66.0,43.0,,,,,,,,,,47.0,,11,18.1,161.0,270.0,251.0,0.6666666666666667,0.18100000000000002,0.15492957746478872,0.08165456442357852,4,0.8302410015649453,0.09835043592121501,0.17376282694091127
Lester Cotton,G,NE,2.0,,36.0,,,,,,,,24.0,,,,,3.0,5.0,11.0,,5,7.6,161.0,297.0,292.0,0.6666666666666667,0.076,0.07042253521126761,0.0862759520083464,5,0.8818477308294209,0.09783543007725341,0.17337657255794006
Devin Cochran,OT,CIN,2.0,,,,,,,,,1.0,,,,,,69.0,22.0,60.0,,16,23.0,161.0,251.0,234.0,0.6666666666666667,0.23,0.22535211267605634,0.08961606677099634,4,0.9244913928012518,0.09693553392580055,0.17270165044435043
Jalen Sundell,C,SEA,2.0,,,,,,,,,1.0,,1.0,4.0,3.0,,48.0,,,,4,5.2,161.0,301.0,300.0,0.6666666666666667,0.052000000000000005,0.056338028169014086,0.0831022430881586,5,0.915660172143975,0.09075664271121307,0.16806748203340982
Aaron Stinnie,OL,NYG,2.0,,,,,,,,,,,,,,44.0,68.0,,56.0,25.0,12,17.2,161.0,266.0,256.0,0.6666666666666667,0.172,0.16901408450704225,0.08199353155972874,4,0.9244913928012518,0.08869042178022289,0.16651781633516716
Michael Niese,C,DET,2.0,,1.0,,,,11.0,,6.0,,,16.0,1.0,,,,,,,2,3.1,161.0,310.0,307.0,0.6666666666666667,0.031,0.028169014084507043,0.079004825247783,5,0.9281986697965571,0.08511628794415242,0.16383721595811432
Ryan McCollum,C,PIT,2.0,,,,1.0,,19.0,68.0,66.0,,,,,,,,,,,9,13.6,161.0,281.0,270.0,0.6666666666666667,0.136,0.1267605633802817,0.07677663015127804,4,0.9165341158059467,0.08376843679601076,0.16282632759700807
Tylan Grable,OT,BUF,2.0,,4.0,3.0,,,,,,,,,,,,,,,67.0,18,20.2,161.0,240.0,241.0,0.6666666666666667,0.20199999999999999,0.2535211267605634,0.06722050078247262,3,0.8254184663536775,0.08143808688872947,0.16107856516654712
David Quessenberry,OT,MIN,2.0,,,9.0,,,,,25.0,,,,62.0,,,14.0,,,,6,9.8,161.0,296.0,283.0,0.6666666666666667,0.098,0.08450704225352113,0.07142639540949401,4,0.9205007824726134,0.0775951490422759,0.15819636178170693
Jaelyn Duncan,OT,TEN,2.0,,1.0,19.0,,,,4.0,,,,,,,,,,15.0,,7,7.6,161.0,290.0,292.0,0.6666666666666667,0.076,0.09859154929577464,0.07089869587897758,4,0.9165101721439749,0.07735723839608415,0.1580179287970631
Sam Mustipher,C,LAC,3.0,,,,56.0,,,,,,1.0,3.0,,,,,6.0,34.0,5.0,8,14.0,283.0,285.0,266.0,0.33333333333333337,0.14,0.11267605633802817,0.06971205007824727,6,0.9059789514866979,0.07694665528801838,0.15770999146601378
Sam Mustipher,C,LAC,3.0,,,,56.0,,,,,,1.0,3.0,,,,,6.0,34.0,5.0,8,14.0,283.0,285.0,266.0,0.33333333333333337,0.14,0.11267605633802817,0.06971205007824727,6,0.9059789514866979,0.07694665528801838,0.15770999146601378
Kiran Amegadjie,OT,CHI,3.0,,,,,4.0,5.0,,45.0,,,,,,4.0,67.0,,,,20,11.0,283.0,234.0,280.0,0.33333333333333337,0.11,0.28169014084507044,0.06967788210745958,5,0.921091392801252,0.07564708849960373,0.1567353163747028
Isaiah Wynn,OL,MIA,2.0,,,,,,,,,,,,,,,,34.0,34.0,35.0,17,25.2,161.0,245.0,228.0,0.6666666666666667,0.252,0.23943661971830985,0.06901627543035994,3,0.9244913928012518,0.07465323741007196,0.15598992805755396
Nick Leverett,OL,ARI,3.0,,2.0,,55.0,60.0,,,,,,,,,,,,,5.0,20,27.7,283.0,234.0,220.0,0.33333333333333337,0.27699999999999997,0.28169014084507044,0.06687563901930099,4,0.9079862284820032,0.07365270190397663,0.15523952642798247
Cole Strange,G,NE,2.0,,,,,,,,,,,,,,,,,53.0,64.0,39,48.5,161.0,187.0,184.0,0.6666666666666667,0.485,0.5492957746478874,0.06410615545122587,2,0.8818477308294209,0.07269526609875256,0.15452144957406444
Foster Sarell,OT,LAC,2.0,,,,,,6.0,,,,11.0,,,,,,,10.0,13.0,3,3.7,161.0,304.0,305.0,0.6666666666666667,0.037000000000000005,0.04225352112676056,0.06454282733437663,4,0.9059789514866979,0.07124097886431337,0.15343073414823505
Corey Levin,C,TEN,2.0,,,,,,,,,34.0,,,,,,,30.0,69.0,,13,20.8,161.0,257.0,238.0,0.6666666666666667,0.20800000000000002,0.18309859154929578,0.06399937402190924,3,0.9165101721439749,0.0698294203022283,0.15237206522667124
Kadeem Telfort,OT,GB,2.0,,,,,,,1.0,,,,,5.0,,8.0,,9.0,,,1,2.1,161.0,320.0,315.0,0.6666666666666667,0.021,0.014084507042253521,0.061598226395409496,4,0.9102528951486698,0.0676715522946497,0.1507536642209873
Luke Fortner,C,JAX,2.0,,,,,,,2.0,,1.0,,9.0,,,,,,1.0,,0,1.3,161.0,333.0,320.0,0.6666666666666667,0.013000000000000001,0.0,0.06012592592592594,4,0.897147730829421,0.06701898010747794,0.15026423508060846
Jake Hanson,OL,NYJ,2.0,,,,,,,20.0,62.0,21.0,,,,,,,,,,8,9.7,161.0,285.0,284.0,0.6666666666666667,0.09699999999999999,0.11267605633802817,0.05492824726134586,3,0.9085289514866979,0.06045844457841704,0.1453438334338128
Darian Kinnard,G,PHI,2.0,,,,,,,,3.0,,,,,,,,,,68.0,35,6.1,161.0,194.0,299.0,0.6666666666666667,0.061,0.49295774647887325,0.04809488784559208,2,0.7964776995305165,0.060384475138401984,0.1452883563538015
Nick Gates,OL,PHI,3.0,,,,,,,12.0,2.0,,14.0,,,,,,,,68.0,10,8.3,283.0,274.0,289.0,0.33333333333333337,0.083,0.14084507042253522,0.044552634324465316,4,0.7964776995305165,0.055937076895846365,0.14195280767188478
Christian Jones,OT,ARI,2.0,,,,,,,,,,,,,,,,,9.0,65.0,37,10.9,161.0,190.0,282.0,0.6666666666666667,0.109,0.5211267605633803,0.050633854981742304,2,0.9079862284820032,0.055765003249436285,0.14182375243707723
Frank Crum,OT,DEN,2.0,,,,,6.0,,2.0,1.0,,,,,,,,,,,1,0.8,161.0,320.0,328.0,0.6666666666666667,0.008,0.014084507042253521,0.045548669796557126,3,0.9128268388106415,0.049898477849209935,0.13742385838690746
Carter Warren,OT,NYJ,3.0,,,,,,,,,,,,,51.0,,,,35.0,55.0,23,13.2,283.0,223.0,271.0,0.33333333333333337,0.132,0.323943661971831,0.04501940532081378,3,0.9085289514866979,0.04955197657393852,0.1371639824304539
Matt Waletzko,OT,DAL,2.0,,,,,,,,,,1.0,,,2.0,,9.0,,,,1,1.0,161.0,320.0,325.0,0.6666666666666667,0.01,0.014084507042253521,0.04564866979655713,3,0.9324726134585288,0.04895443484098348,0.13671582613073763
Christian Mahogany,G,DET,3.0,,,,,,,,,,,,,,3.0,,65.0,2.0,5.0,10,6.5,283.0,274.0,296.0,0.33333333333333337,0.065,0.14084507042253522,0.04335263432446531,4,0.9281986697965571,0.04670620173800438,0.1350296513035033
Nick Harris,C,CLE,4.0,,10.0,27.0,40.0,10.0,3.0,,,,,,,,,,,,,18,22.9,310.0,240.0,235.0,0.0,0.22899999999999998,0.2535211267605634,0.040210093896713615,5,0.9356132237871675,0.04297726119555208,0.13223294589666407
Tyrese Robinson,G,NE,3.0,,,,,,,,,,1.0,,,,,,,,61.0,31,11.9,283.0,206.0,276.0,0.33333333333333337,0.11900000000000001,0.43661971830985913,0.03333547209181012,2,0.8818477308294209,0.037801845972270605,0.12835138447920297
Troy Fautanu,OT,PIT,2.0,,55.0,,,,,,,,,,,,,,,,,55,41.0,161.0,147.0,193.0,0.6666666666666667,0.41,0.7746478873239436,0.03455894627021388,1,0.9165341158059467,0.0377061209989164,0.1282795907491873
Dylan McMahon,OL,LAR,2.0,,,,,,,,,,,,,,,,,,66.0,66,6.5,161.0,18.0,296.0,0.6666666666666667,0.065,0.9295774647887324,0.03139110589462703,1,0.8463311424100155,0.037090807984729954,0.12781810598854748
Calvin Anderson,OT,PIT,3.0,,,,,,9.0,,1.0,,1.0,,,2.0,,,,,,2,1.9,283.0,310.0,318.0,0.33333333333333337,0.019,0.028169014084507043,0.03277423056859677,4,0.9165341158059467,0.0357588768420006,0.12681915763150045
Andre Dillard,OT,GB,2.0,,,,,,,,,,,,4.0,,,,9.0,,,1,1.2,161.0,320.0,322.0,0.6666666666666667,0.012,0.014084507042253521,0.03049911319770475,2,0.9102528951486698,0.03350619740981257,0.12512964805735943
Travis Glover,OT,GB,2.0,,,,,,,,,,,,4.0,,,,9.0,,,1,1.2,161.0,320.0,322.0,0.6666666666666667,0.012,0.014084507042253521,0.03049911319770475,2,0.9102528951486698,0.03350619740981257,0.12512964805735943
Elijah Klein,G,TB,2.0,,,,,,,,,,,,,,,3.0,,6.0,,0,0.8,161.0,333.0,328.0,0.6666666666666667,0.008,0.0,0.029896296296296303,2,0.9222247261345853,0.03241758266621597,0.12431318699966198
Andrew Stueber,OT,CIN,2.0,,,,,,,,,1.0,,,,,,4.0,,,,0,0.7,161.0,333.0,331.0,0.6666666666666667,0.006999999999999999,0.0,0.029862962962962966,2,0.9244913928012518,0.03230204542248555,0.12422653406686417
Trevor Keegan,G,PHI,2.0,,,,,,,,,,,,,,,,,,35.0,35,3.0,161.0,194.0,308.0,0.6666666666666667,0.03,0.49295774647887325,0.023530777256129374,1,0.7964776995305165,0.029543548137003186,0.12215766110275239
Austin Deculus,OL,HOU,2.0,,,,,,,,,,,,,,,,,,29.0,29,24.2,161.0,212.0,230.0,0.6666666666666667,0.242,0.4084507042253521,0.025655659885237353,1,0.8804310641627544,0.029139884914936062,0.12185491368620205
Danny Pinter,C,IND,3.0,,,,,,,,,,,,,62.0,,76.0,,,,9,12.7,283.0,281.0,274.0,0.33333333333333337,0.127,0.1267605633802817,0.023273500260824205,2,0.9113862284820031,0.025536374737182874,0.11915228105288717
C.J. Hanson,G,KC,2.0,,,,,,,,,,,,,,,,,,31.0,31,2.7,161.0,206.0,311.0,0.6666666666666667,0.027000000000000003,0.43661971830985913,0.022541810119979137,1,0.9128507824726134,0.024693860763224374,0.11852039557241828
Chris Paul,G,WAS,1.0,,,,,,,,,,,,,,,,,1.0,,0,0.1,1.0,333.0,339.0,1.0,0.001,0.0,0.02223888888888889,1,0.9256486697965571,0.024025194022886293,0.11801889551716473
Blake Freeland,OT,IND,3.0,,,,,,,1.0,,,,,,,,,,,22.0,2,2.1,283.0,310.0,315.0,0.33333333333333337,0.021,0.028169014084507043,0.01645378195096505,2,0.9113862284820031,0.01805357754677764,0.11354018316008324
Jarrett Kingston,G,CAR,2.0,,,,,,,,1.0,,,,,,,,,,,0,0.1,161.0,333.0,339.0,0.6666666666666667,0.001,0.0,0.014831481481481485,1,0.8302410015649453,0.017864067726750664,0.113398050795063
Elijah Wilkinson,G,ATL,2.0,,,,,,,,,,,1.0,,,,,,,,0,0.1,161.0,333.0,339.0,0.6666666666666667,0.001,0.0,0.014831481481481485,1,0.8604870109546165,0.017236148009982827,0.11292711100748712
Max Scharping,G,PIT,2.0,,,,,,,,,,,,,,,,,7.0,,3,0.8,161.0,304.0,328.0,0.6666666666666667,0.008,0.04225352112676056,0.015652373500260826,1,0.9165341158059467,0.017077786009631557,0.11280833950722367
Lecitus Smith,C,NE,3.0,,,,,,,,3.0,,,,,,,,,,2.0,0,0.7,283.0,333.0,331.0,0.33333333333333337,0.006999999999999999,0.0,0.015048148148148149,2,0.8818477308294209,0.01706433845897027,0.1127982538442277
Nick Broeker,G,HOU,2.0,,,,,,,,,,,,,,,,,6.0,,0,0.5,161.0,333.0,334.0,0.6666666666666667,0.005,0.0,0.01489814814814815,1,0.8804310641627544,0.016921424918503458,0.1126910686888776
Royce Newman,G,TB,2.0,,,,3.0,,,,,,,,,,,,,,,3,0.3,161.0,304.0,336.0,0.6666666666666667,0.003,0.04225352112676056,0.015569040166927492,1,0.9222247261345853,0.01688204591106942,0.11266153443330207
Xavier Newman-Johnson,OL,NYJ,2.0,,,,,,,11.0,,,,,,,,,,,,1,1.3,161.0,320.0,320.0,0.6666666666666667,0.013000000000000001,0.014084507042253521,0.015266223265519043,1,0.9085289514866979,0.016803232566818826,0.11260242442511412
Brenden Jaimes,OL,LAC,2.0,,,,,,,,,,,,,,,,,10.0,,1,0.9,161.0,320.0,327.0,0.6666666666666667,0.009000000000000001,0.014084507042253521,0.015199556598852373,1,0.9059789514866979,0.01677694230523803,0.11258270672892853
Chris Glaser,OL,CHI,2.0,,,,,,,,,,,,,,,,1.0,,,0,0.5,161.0,333.0,334.0,0.6666666666666667,0.005,0.0,0.01489814814814815,1,0.921091392801252,0.016174451595774266,0.1121308386968307
Jackson Carman,OT,MIA,3.0,,,,,,,,,,,,,,,68.0,,,,8,12.9,283.0,285.0,272.0,0.33333333333333337,0.129,0.11267605633802817,0.011435341679707878,1,0.9244913928012518,0.012369332769078858,0.10927699957680914
Wes Schweitzer,OL,NYJ,3.0,,,,,,,,,,,,,,1.0,,,,,0,0.3,283.0,333.0,336.0,0.33333333333333337,0.003,0.0,0.007457407407407409,1,0.9085289514866979,0.008208222088249652,0.10615616656618725
D.J. Humphries,OL,KC,2.0,,,,,,,,,,,,,,,,,,,46,20.0,161.0,173.0,243.0,0.6666666666666667,0.2,0.647887323943662,0.0,0,0.9128507824726134,0.0,0.1
Brandon Parker,OT,ATL,2.0,,,,,,,,,,,,,,,,,,,0,0.0,161.0,333.0,343.0,0.6666666666666667,0.0,0.0,0.0,0,0.8604870109546165,0.0,0.1
Ethan Driskell,OT,KC,3.0,,,,,,,,,,,,,,,,,,,2,0.3,283.0,310.0,336.0,0.33333333333333337,0.003,0.028169014084507043,0.0,0,0.9128507824726134,0.0,0.1
Javon Foster,OT,JAX,2.0,,,,,,,,,,,,,,,,,,,0,0.0,161.0,333.0,343.0,0.6666666666666667,0.0,0.0,0.0,0,0.897147730829421,0.0,0.1
Nick Zakelj,G,SF,2.0,,,,,,,,,,,,,,,,,,,9,15.0,161.0,281.0,263.0,0.6666666666666667,0.15,0.1267605633802817,0.0,0,0.9108195618153364,0.0,0.1
Austin Schlottmann,C,NYG,2.0,,,,,,,,,,,,,,,,,,,0,0.0,161.0,333.0,343.0,0.6666666666666667,0.0,0.0,0.0,0,0.9244913928012518,0.0,0.1
Geron Christian,OT,CLE,2.0,,,,,,,,,,,,,,,,,,,0,0.0,161.0,333.0,343.0,0.6666666666666667,0.0,0.0,0.0,0,0.9356132237871675,0.0,0.1
Dominick Puni,G,SF,1.0,,,,,,,,,,,,,,,,,,,63,99.9,1.0,61.0,13.0,1.0,0.9990000000000001,0.8873239436619719,0.0,0,0.9108195618153364,0.0,0.1
Wanya Morris,OT,KC,2.0,,,,,,,,,,,,,,,,,,,43,63.9,161.0,180.0,161.0,0.6666666666666667,0.639,0.6056338028169014,0.0,0,0.9128507824726134,0.0,0.1
Austen Pleasants,G,SF,2.0,,,,,,,,,,,,,,,,,,,22,32.8,161.0,226.0,206.0,0.6666666666666667,0.32799999999999996,0.30985915492957744,0.0,0,0.9108195618153364,0.0,0.1
Jacob Monk,C,GB,2.0,,,,,,,,,,,,,,,,,,,0,0.0,161.0,333.0,343.0,0.6666666666666667,0.0,0.0,0.0,0,0.9102528951486698,0.0,0.1
Colby Sorsdal,G,DET,2.0,,,,,,,,,,,,,,,,,,,0,0.0,161.0,333.0,343.0,0.6666666666666667,0.0,0.0,0.0,0,0.9281986697965571,0.0,0.1
Michael Jurgens,G,MIN,2.0,,,,,,,,,,,,,,,,,,,0,0.0,161.0,333.0,343.0,0.6666666666666667,0.0,0.0,0.0,0,0.9205007824726134,0.0,0.1
Arlington Hambright,G,TEN,2.0,,,,,,,,,,,,,,,,,,,0,0.0,161.0,333.0,343.0,0.6666666666666667,0.0,0.0,0.0,0,0.9165101721439749,0.0,0.1
Dan Feeney,C,MIN,2.0,,,,,,,,,,,,,,,,,,,0,0.0,161.0,333.0,343.0,0.6666666666666667,0.0,0.0,0.0,0,0.9205007824726134,0.0,0.1
Hunter Nourzad,C,KC,2.0,,,,,,,,,,,,,,,,,,,1,2.7,161.0,320.0,311.0,0.6666666666666667,0.027000000000000003,0.014084507042253521,0.0,0,0.9128507824726134,0.0,0.1
Walter Rouse,OT,MIN,3.0,,,,,,,,,,,,,,,,,,,0,0.0,283.0,333.0,343.0,0.33333333333333337,0.0,0.0,0.0,0,0.9205007824726134,0.0,0.1
Kingsley Suamataia,OT,KC,2.0,,,,,,,,,,,,,,,,,,,13,17.0,161.0,257.0,257.0,0.6666666666666667,0.17,0.18309859154929578,0.0,0,0.9128507824726134,0.0,0.1
Will Clapp,C,BUF,,,,,,,,,,,,,,,,,,,67.0,67,8.6,,11.0,287.0,,0.086,0.9436619718309859,,1,0.8254184663536775,,
Sam Cosmi,G,WAS,,59.0,71.0,59.0,72.0,67.0,59.0,69.0,74.0,62.0,64.0,66.0,70.0,83.0,,78.0,68.0,83.0,58.0,68,99.9,,5.0,13.0,,0.9990000000000001,0.9577464788732394,,17,0.9256486697965571,,
Tyre Phillips,OT,NYG,,,,,,,,,,,,,,,,,,,53.0,17,27.9,,245.0,219.0,,0.27899999999999997,0.23943661971830985,,1,0.9244913928012518,,
Zack Bailey,OL,NYJ,,,,,,,,,,,,,,,,,,,9.0,9,14.1,,281.0,265.0,,0.141,0.1267605633802817,,1,0.9085289514866979,,
Matt Hennessy,OL,SF,,,,,,,,12.0,,,,,,,,,,,3.0,2,2.4,,310.0,313.0,,0.024,0.028169014084507043,,2,0.9108195618153364,,
AJ Arcuri,OT,LAR,,51.0,,,,,,,,,,,,,,,,,,25,35.4,,219.0,202.0,,0.354,0.352112676056338,,1,0.8463311424100155,,
Aaron Banks,G,SF,,56.0,70.0,71.0,63.0,64.0,51.0,63.0,68.0,,64.0,63.0,42.0,,,54.0,46.0,,,59,82.5,,121.0,121.0,,0.825,0.8309859154929577,,13,0.9108195618153364,,
Anthony Bradford,G,SEA,,66.0,55.0,64.0,54.0,40.0,70.0,45.0,40.0,80.0,,60.0,4.0,,,,,,,52,77.9,,158.0,138.0,,0.779,0.7323943661971831,,11,0.915660172143975,,
Austin Corbett,C,CAR,,59.0,48.0,74.0,70.0,41.0,,,,,,,,,,,,,,58,93.9,,129.0,65.0,,0.9390000000000001,0.8169014084507042,,5,0.8302410015649453,,
Austin Jackson,OL,MIA,,71.0,76.0,60.0,60.0,78.0,,69.0,65.0,61.0,,,,,,,,,,67,99.8,,11.0,16.0,,0.998,0.9436619718309859,,8,0.9244913928012518,,
Alec Lindstrom,C,NYJ,,,,,,,,,,,,,,,,,,,,0,0.0,,333.0,343.0,,0.0,0.0,,0,0.9085289514866979,,
Atonio Mafi,G,IND,,,,,,,,,,,,,,,,,,,,0,0.0,,333.0,343.0,,0.0,0.0,,0,0.9113862284820031,,
Andrew Raym,C,CAR,,,,,,,,,,,,,,,,,,,,0,0.0,,333.0,343.0,,0.0,0.0,,0,0.8302410015649453,,
Andrew Rupcich,G,TEN,,15.0,,,,,,,1.0,,,,,,,,,,,2,3.5,,310.0,306.0,,0.035,0.028169014084507043,,2,0.9165101721439749,,
Andrew Thomas,OT,NYG,,71.0,56.0,72.0,69.0,72.0,79.0,,,,,,,,,,,,,69,100.0,,2.0,1.0,,1.0,0.971830985915493,,6,0.9244913928012518,,
Ben Bartch,G,SF,,,,,,,,,,,,,7.0,48.0,10.0,,,,,21,7.9,,230.0,291.0,,0.079,0.29577464788732394,,3,0.9108195618153364,,
Bill Murray,G,CHI,,,,,,37.0,3.0,,2.0,,,,,,,,,,,14,8.8,,254.0,286.0,,0.08800000000000001,0.19718309859154928,,3,0.921091392801252,,
Braden Smith,OT,IND,,45.0,56.0,56.0,66.0,70.0,70.0,61.0,64.0,54.0,64.0,70.0,55.0,,,,,,,60,67.2,,105.0,159.0,,0.672,0.8450704225352113,,12,0.9113862284820031,,
Brandon Walton,OT,CAR,,,,,,,,,,,,,,,,,,,,0,0.0,,333.0,343.0,,0.0,0.0,,0,0.8302410015649453,,
Chandler Brewer,OT,TEN,,,,,,,,,,,,,,,,,,,,0,0.0,,333.0,343.0,,0.0,0.0,,0,0.9165101721439749,,
Cam Fleming,OT,DEN,,,,,,,,,,,,,,,,,,,,0,0.0,,333.0,343.0,,0.0,0.0,,0,0.9128268388106415,,
Cooper Hodges,OL,JAX,,,,1.0,,,,,29.0,33.0,,,,,,,,,,7,11.8,,290.0,277.0,,0.11800000000000001,0.09859154929577464,,3,0.897147730829421,,
Connor McGovern,C,NYJ,,,,,,24.0,70.0,70.0,73.0,79.0,53.0,,,,,,,,,52,71.4,,158.0,151.0,,0.7140000000000001,0.7323943661971831,,6,0.9085289514866979,,
Chukwuma Okorafor,OT,NE,,12.0,,,,,,,,,,,,,,,,,,12,1.1,,266.0,324.0,,0.011000000000000001,0.16901408450704225,,1,0.8818477308294209,,
Chris Reed,G,NO,,,,,,,,,,,,,,,,,,,,0,0.0,,333.0,343.0,,0.0,0.0,,0,0.9079862284820032,,
Calvin Throckmorton,G,DEN,,,,,,,,2.0,1.0,,,,,,,,,,,1,0.7,,320.0,331.0,,0.006999999999999999,0.014084507042253521,,2,0.9128268388106415,,
Connor Williams,C,SEA,,67.0,70.0,64.0,90.0,58.0,78.0,60.0,51.0,80.0,,,,,,,,,,68,100.0,,5.0,1.0,,1.0,0.9577464788732394,,9,0.915660172143975,,
David Andrews,C,NE,,65.0,68.0,52.0,9.0,,,,,,,,,,,,,,,48,77.9,,169.0,138.0,,0.779,0.676056338028169,,4,0.8818477308294209,,
Dakoda Shepley,OT,DAL,,,,,,,,,,,,,,,,9.0,,3.0,,4,6.2,,301.0,298.0,,0.062,0.056338028169014086,,2,0.9324726134585288,,
George Fant,OT,SEA,,13.0,,,,,,,,17.0,,,,,,,,,,15,13.8,,252.0,268.0,,0.138,0.2112676056338028,,2,0.915660172143975,,
Isaiah Prince,OT,TEN,,,,,,,,,,,,29.0,,,,,,,,29,49.2,,212.0,182.0,,0.49200000000000005,0.4084507042253521,,1,0.9165101721439749,,
Jackson Barton,OT,ARI,,,6.0,48.0,,,,,,,,,,,,,30.0,73.0,,39,57.3,,187.0,170.0,,0.573,0.5492957746478874,,4,0.9079862284820032,,
Javion Cohen,G,CLE,,,,,,,,,,,,,,,,,,,,0,0.0,,333.0,343.0,,0.0,0.0,,0,0.9356132237871675,,
Jovaughn Gwyn,OL,ATL,,,,,,,,,,,,,,,,,,,,0,0.0,,333.0,343.0,,0.0,0.0,,0,0.8604870109546165,,
Jamarco Jones,OL,DET,,,,,,,,,,,1.0,,,3.0,,,,,,2,3.0,,310.0,308.0,,0.03,0.028169014084507043,,2,0.9281986697965571,,
Jamarco Jones,OL,DET,,,,,,,,,,,1.0,,,3.0,,,,,,2,3.0,,310.0,308.0,,0.03,0.028169014084507043,,2,0.9281986697965571,,
Jaxson Kirkland,G,CIN,,,,,,3.0,,,,,,,,,,,,,,1,1.0,,320.0,325.0,,0.01,0.014084507042253521,,1,0.9244913928012518,,
Jordan McFadden,OL,LAC,,,,,1.0,,,,,,,,,,,,,,,1,0.1,,320.0,339.0,,0.001,0.014084507042253521,,1,0.9059789514866979,,
Joshua Miles,OT,NYG,,,,,,,,,,,,,,,,,,,,0,0.0,,333.0,343.0,,0.0,0.0,,0,0.9244913928012518,,
Kyle Hergel,G,NO,,,,,,,,45.0,,,,,,,,,,,,5,8.4,,297.0,288.0,,0.084,0.07042253521126761,,1,0.9079862284820032,,
Logan Bruss,G,TEN,,,,56.0,61.0,78.0,,,,,,,,,,,,,,17,27.4,,245.0,221.0,,0.27399999999999997,0.23943661971830985,,3,0.9165101721439749,,
Lloyd Cushenberry III,C,TEN,,64.0,66.0,54.0,65.0,,58.0,73.0,76.0,43.0,,,,,,,,,,62,93.6,,85.0,67.0,,0.9359999999999999,0.8732394366197183,,8,0.9165101721439749,,
Leroy Watson IV,OT,TEN,,,,,,,58.0,,47.0,52.0,33.0,,,,,,,,,47,32.6,,172.0,207.0,,0.326,0.6619718309859155,,4,0.9165101721439749,,
Malaesala Aumavae-Laulu,G,BAL,,,,,,,,,,,,,,,,,,,,0,0.0,,333.0,343.0,,0.0,0.0,,0,0.9196507824726134,,
McClendon Curtis,G,SEA,,,,,,,,,,,,,,,,,,,,0,0.0,,333.0,343.0,,0.0,0.0,,0,0.915660172143975,,
Michael Jordan,G,NE,,65.0,68.0,31.0,,60.0,58.0,60.0,67.0,69.0,64.0,73.0,69.0,1.0,,,,,,57,80.4,,137.0,127.0,,0.804,0.8028169014084507,,12,0.8818477308294209,,
Nate Davis,G,CHI,,18.0,70.0,1.0,49.0,4.0,,,,,,,,,,,,,,28,23.1,,215.0,233.0,,0.231,0.39436619718309857,,5,0.921091392801252,,
Ryan Bates,C,CHI,,38.0,,,,,,,,,60.0,7.0,,,,,,,,35,23.3,,194.0,232.0,,0.233,0.49295774647887325,,3,0.921091392801252,,
Richard Gouraige,OT,BUF,,,,,,,,,,,,3.0,,,,,,,,3,4.1,,304.0,303.0,,0.040999999999999995,0.04225352112676056,,1,0.8254184663536775,,
Ryan Hayes,OT,MIA,,,,,,,,,,,,,,,,,,,,0,0.0,,333.0,343.0,,0.0,0.0,,0,0.9244913928012518,,
Spencer Burford,G,SF,,16.0,,,1.0,,14.0,,,,,,,,51.0,,31.0,,,7,11.3,,290.0,278.0,,0.113,0.09859154929577464,,5,0.9108195618153364,,
Stone Forsythe,OT,SEA,,54.0,70.0,64.0,90.0,58.0,78.0,,,,,,,,,,,,,46,62.9,,173.0,162.0,,0.629,0.647887323943662,,6,0.915660172143975,,
Sebastian Gutierrez,OT,SF,,,,,,,,,,,,,,,3.0,,,,,3,1.8,,304.0,319.0,,0.018000000000000002,0.04225352112676056,,1,0.9108195618153364,,
Trent Brown,OT,CIN,,51.0,64.0,24.0,,,,,,,,,,,,,,,,46,78.5,,173.0,133.0,,0.785,0.647887323943662,,3,0.9244913928012518,,
Trey Hill,C,CIN,,,,,,,,,,,,,,,,,,,,0,0.0,,333.0,343.0,,0.0,0.0,,0,0.9244913928012518,,
Will Fries,OL,IND,,45.0,56.0,56.0,66.0,45.0,,,,,,,,,,,,,,53,91.5,,156.0,82.0,,0.915,0.7464788732394366,,5,0.9113862284820031,,
