player_name,player_id,season,season_type,completions,attempts,passing_yards,passing_tds,interceptions,sacks,sack_yards,sack_fumbles,sack_fumbles_lost,passing_air_yards,passing_yards_after_catch,passing_first_downs,passing_epa,passing_2pt_conversions,pacr,dakota,carries,rushing_yards,rushing_tds,rushing_fumbles,rushing_fumbles_lost,rushing_first_downs,rushing_epa,rushing_2pt_conversions,fantasy_points,fantasy_points_ppr,games,age,years_exp,height,weight,ngs_avg_time_to_throw,ngs_avg_completed_air_yards,ngs_avg_intended_air_yards,ngs_avg_air_yards_differential,ngs_aggressiveness,ngs_avg_air_yards_to_sticks,ngs_passer_rating,ngs_completion_percentage,ngs_expected_completion_percentage,ngs_completion_percentage_above_expectation,headshot_url
Aaron Rodgers,00-0023459,2024,REG,368,584,3897.0,28,11.0,40.0,302.0,5,2,4014.0,2119.0,192.0,10.130993453394488,2,17.796653277127803,1.3670849216482237,22,107.0,0,0.0,0.0,7.0,4.280564359933793,0,256.58,256.58,17,40.0,19.0,74.0,225.0,2.688136986301369,4.517228260869565,6.724348591549297,-2.207120330679732,14.04109589041096,-1.7826936619718308,90.53224885844747,63.013698630136986,68.19648265022121,-5.1827840200842274,"https://static.www.nfl.com/image/upload/f_auto,q_auto/league/jdcb4nomlc4rd6k5l6to"
Aidan O'Connell,00-0038579,2024,REG,154,243,1612.0,8,4.0,10.0,82.0,0,0,1921.0,731.0,78.0,4.302663681980774,0,7.274390859891205,0.5149994562970366,21,30.0,1,2.0,2.0,10.0,-8.121734362735879,0,93.48,93.48,9,25.0,1.0,75.0,210.0,2.9156404958677684,5.638636363636365,7.744655172413794,-2.1060188087774296,20.98765432098765,-1.225172413793103,86.65123456790124,63.37448559670782,61.93048385558305,1.4440017411247723,"https://static.www.nfl.com/image/upload/f_auto,q_auto/league/aphs7sdbtn8v4zo9pz6w"
Andy Dalton,00-0027973,2024,REG,106,160,989.0,7,6.0,7.0,37.0,1,0,1062.0,459.0,50.0,-18.095891326278156,0,4.954892415242316,0.3414501510881374,11,34.0,0,0.0,0.0,2.0,-3.431674593843093,0,58.96,58.96,6,36.0,13.0,74.0,220.0,2.54945625,4.89622641509434,6.717307692307693,-1.821081277213353,15.0,-2.0198717948717944,82.00520833333333,66.25,68.18221452645957,-1.9322145264595747,"https://static.www.nfl.com/image/upload/f_auto,q_auto/league/az1zo7fl2tozg50tgs0d"
Anthony Brown,00-0037175,2022,REG,22,49,302.0,0,2.0,5.0,14.0,1,1,401.0,142.0,13.0,-16.465219842051994,0,1.1271765483799867,-0.08538142132020432,3,-5.0,0,0.0,0.0,0.0,0.0,0,5.579999999999999,5.579999999999999,2,26.0,2.0,73.0,226.0,2.6862142857142857,7.628421052631578,8.589761904761904,-0.9613408521303252,20.454545454545457,-0.4340476190476189,46.21212121212121,43.18181818181818,57.42570825598457,-14.243890074166387,"https://static.www.nfl.com/image/private/f_auto,q_auto/league/wsbie1tqhz6uwtf49tmj"
Anthony Richardson,00-0039164,2024,REG,126,264,1814.0,8,12.0,14.0,115.0,3,2,3224.0,776.0,73.0,-38.218216186902694,0,7.766193642511175,0.1464452194993905,86,499.0,6,6.0,1.0,33.0,22.734995245003095,1,162.36,163.36,11,22.0,1.0,76.0,232.0,2.950442748091603,7.959126984126985,12.02756,-4.068433015873015,15.909090909090908,2.6555599999999995,61.64772727272728,47.72727272727273,58.9877821850788,-11.260509457806071,"https://static.www.nfl.com/image/upload/f_auto,q_auto/league/areyvihumylqo7y2ehk2"
Bailey Zappe,00-0038108,2023,REG,127,212,1272.0,6,9.0,25.0,191.0,2,1,1686.0,637.0,53.0,-81.79545271547397,0,9.369872497106094,-0.0017343172240964905,17,83.0,1,0.0,0.0,6.0,4.63150148303248,0,69.18,69.18,10,25.0,2.0,73.0,220.0,2.744265402843601,4.77031496062992,7.722885572139303,-2.9525706115093824,19.81132075471698,-1.2771144278606965,68.75,59.905660377358494,62.115487561754456,-2.2098271843959623,"https://static.www.nfl.com/image/upload/f_auto,q_auto/league/m0aps8mb4jev4t4tduir"
Baker Mayfield,00-0034855,2024,REG,407,570,4500.0,41,16.0,40.0,248.0,4,1,3971.0,2439.0,224.0,116.22962828218236,1,20.530267875192994,2.6276210095542747,60,378.0,3,7.0,1.0,24.0,6.794032916492984,0,365.8,365.8,17,29.0,6.0,73.0,215.0,2.698200351493849,5.0239803439803445,6.820836298932386,-1.7968559549520418,10.87719298245614,-2.1738256227758,106.76169590643276,71.40350877192982,69.94685868095411,1.456650090975714,"https://static.www.nfl.com/image/upload/f_auto,q_auto/league/xrbgtbyy8a7l0ux13hjy"
Bo Nix,00-0039732,2024,REG,376,567,3775.0,29,12.0,24.0,198.0,2,0,4116.0,2072.0,170.0,35.38800729889576,0,17.824438727103697,1.7850424928278326,92,430.0,4,1.0,0.0,41.0,22.070224168650412,0,316.2,317.2,17,24.0,0.0,74.0,217.0,2.906321554770318,4.495797872340424,7.386928702010968,-2.891130829670544,13.051146384479717,-1.5381170018281538,93.31643151087596,66.31393298059965,68.74837031328437,-2.4344373326847237,"https://static.www.nfl.com/image/upload/f_auto,q_auto/league/zibtvsprpauxnytis229"
Brandon Allen,00-0032434,2024,REG,17,30,199.0,1,2.0,2.0,2.0,2,1,241.0,116.0,8.0,-12.354177547361862,0,0.9299065420560748,0.008527822015022161,3,4.0,0,0.0,0.0,0.0,-0.9902776144444942,0,6.360000000000001,6.360000000000001,3,31.0,8.0,74.0,209.0,2.801586206896552,5.0317647058823525,7.318076923076922,-2.2863122171945696,6.896551724137931,-2.0280769230769238,76.65229885057471,58.620689655172406,65.07620359289234,-6.455513937719935,"https://static.www.nfl.com/image/upload/f_auto,q_auto/league/xn9eheiy6kty4movmlak"
Brett Rypien,00-0034955,2022,REG,53,88,483.0,2,4.0,8.0,47.0,2,1,734.0,267.0,24.0,-29.22884806378002,0,3.11561670521626,0.006564553084048658,6,7.0,0,1.0,0.0,2.0,-0.5416464465088211,0,18.02,18.02,4,28.0,5.0,74.0,200.0,2.774818800764453,4.957930402930402,7.890205128205128,-2.9322747252747265,17.693900302595956,-1.3637359924026589,65.71806816372033,59.79057174709349,63.97660317139406,-4.1860314243005705,"https://static.www.nfl.com/image/upload/f_auto,q_auto/league/oogvu5kkkboldowqkfst"
Brock Purdy,00-0037834,2024,REG,300,455,3864.0,20,12.0,31.0,156.0,5,3,3904.0,1644.0,178.0,78.72967370798577,0,15.70015833485079,2.0666646318651742,66,323.0,5,2.0,0.0,33.0,19.224652512424893,0,266.86,266.86,15,24.0,2.0,73.0,212.0,2.9346111111111117,7.404666666666666,8.739340909090908,-1.3346742424242422,17.802197802197803,-0.2561136363636362,96.07600732600736,65.93406593406593,63.9717880288487,1.962277905217228,"https://static.www.nfl.com/image/upload/f_auto,q_auto/league/myvg8siij2bn9ecx7btm"
Bryce Young,00-0039150,2024,REG,234,384,2403.0,15,9.0,29.0,186.0,4,1,3358.0,969.0,117.0,-24.919598704779816,0,10.194872256514913,1.048692799721116,43,249.0,6,1.0,1.0,15.0,15.547885201842291,0,195.02,195.02,14,23.0,1.0,70.0,194.0,2.793119791666666,6.067863247863248,8.690417827298052,-2.622554579434804,19.791666666666664,0.0218941504178273,82.19401041666666,60.9375,59.28459530017184,1.652904699828163,"https://static.www.nfl.com/image/upload/f_auto,q_auto/league/gdmtmmviwadpobyjogal"
C.J. Beathard,00-0033936,2023,REG,40,53,349.0,1,0.0,6.0,27.0,0,0,339.0,150.0,19.0,5.580714992024477,0,4.762842106539585,0.5058760130365443,8,35.0,0,1.0,0.0,2.0,2.021098795288708,0,21.46,21.46,6,30.0,7.0,74.0,215.0,2.5947541666666667,5.90336898395722,7.402550724637681,-1.4991817406804615,15.0,-0.9162898550724642,101.77083333333334,72.08333333333334,62.424243831386164,9.659089501947168,"https://static.www.nfl.com/image/private/f_auto,q_auto/league/yw8euaevcvwswbx5w27w"
C.J. Stroud,00-0039163,2024,REG,336,532,3727.0,20,12.0,52.0,408.0,3,2,4424.0,1664.0,187.0,-13.10815222310596,0,15.861539938972243,1.3751481706693156,52,233.0,0,3.0,2.0,14.0,-7.207441442735237,0,220.38,220.38,17,22.0,1.0,75.0,218.0,2.9764371482176366,6.11577380952381,8.339137254901962,-2.223363445378152,15.413533834586463,-0.919686274509804,87.03790726817043,63.1578947368421,62.79937843582067,0.3585163010214316,"https://static.www.nfl.com/image/upload/f_auto,q_auto/league/fbk2eqpo54lawppgetjn"
Caleb Williams,00-0039918,2024,REG,351,562,3541.0,20,6.0,68.0,466.0,7,3,4486.0,1866.0,171.0,-43.80484325542776,3,15.246817432415504,1.290655966497992,81,489.0,0,3.0,2.0,27.0,11.632083583211909,0,254.54000000000002,254.54000000000002,17,22.0,0.0,73.0,215.0,2.9193924731182794,4.589430199430199,7.868505747126438,-3.279075547696239,12.099644128113878,-1.2483524904214562,87.79655990510085,62.45551601423488,63.83182519940773,-1.3763091851728433,"https://static.www.nfl.com/image/upload/f_auto,q_auto/league/idewrhb7kngpdtrvku31"
Carson Wentz,00-0032950,2022,REG,172,276,1755.0,11,9.0,26.0,159.0,4,1,2147.0,826.0,85.0,-37.29265213974798,2,6.878199617547953,0.38308559566777034,22,86.0,1,2.0,0.0,4.0,6.074985710269046,0,112.8,112.8,8,31.0,8.0,77.0,237.0,2.5987934782608693,5.298895348837209,7.897777777777778,-2.598882428940569,17.02898550724638,-0.9318518518518514,80.20833333333334,62.31884057971014,65.76253418486728,-3.4436936051571365,"https://static.www.nfl.com/image/upload/f_auto,q_auto/league/jtwkpwc18ivthztykkc8"
Case Keenum,00-0028986,2023,REG,34,53,291.0,1,3.0,6.0,60.0,0,0,377.0,146.0,14.0,-20.65132938160174,0,1.44357153106615,0.040419039095312914,2,1.0,0,1.0,0.0,0.0,-1.650933435827028,0,9.74,9.74,2,36.0,12.0,73.0,215.0,2.7674158496732026,3.5897826086956526,7.452500000000001,-3.862717391304348,20.09803921568627,-2.4592647058823527,55.56576797385621,64.29738562091504,64.83657012687497,-0.5391845059599412,"https://static.www.nfl.com/image/upload/f_auto,q_auto/league/zj2xieg6nctsabgzu65n"
Chris Oladokun,00-0037324,2024,REG,0,0,0.0,0,0.0,1.0,5.0,1,0,0.0,0.0,0.0,-1.3898326593916863,0,0.0,0.0,1,5.0,0,0.0,0.0,0.0,-0.5551090445369482,0,0.5,0.5,1,26.0,2.0,73.0,195.0,,,,,,,,,,,"https://static.www.nfl.com/image/upload/f_auto,q_auto/league/l3cx5zsyz0nvwl4ycszo"
Clayton Tune,00-0038582,2023,REG,12,21,62.0,0,2.0,7.0,41.0,1,1,53.0,43.0,3.0,-34.74954317265656,0,2.183673469387755,-0.031238263083239848,8,30.0,1,1.0,0.0,3.0,-0.6412857836985495,1,7.4799999999999995,7.4799999999999995,6,25.0,1.0,75.0,220.0,2.7429,1.0936363636363635,2.8000000000000007,-1.706363636363637,10.0,-7.9,20.833333333333336,55.00000000000001,67.4459183216095,-12.44591832160949,"https://static.www.nfl.com/image/upload/f_auto,q_auto/league/bbiianhnrupao5vm4onx"
Cooper Rush,00-0033662,2024,REG,187,308,1844.0,12,5.0,13.0,95.0,2,1,2137.0,942.0,92.0,-23.917515513453274,1,9.278142405075933,0.2132340281666109,26,18.0,0,7.0,2.0,5.0,-18.16656541298903,0,109.56,109.56,12,30.0,7.0,75.0,225.0,2.54971335504886,4.905294117647059,7.113795379537954,-2.208501261890895,19.805194805194805,-1.740990099009901,83.84740259740259,60.71428571428571,66.46422740713052,-5.749941692844814,"https://static.www.nfl.com/image/upload/f_auto,q_auto/league/amuag2qiwa9veml1lhvs"
Dak Prescott,00-0033077,2024,REG,185,286,1978.0,11,8.0,21.0,112.0,4,1,2270.0,939.0,87.0,-7.367385972918669,0,7.760683276928484,0.5714389775987134,13,54.0,1,0.0,0.0,5.0,4.512992455798667,0,116.52,116.52,8,31.0,8.0,74.0,238.0,2.788028070175439,5.409891891891892,7.817220216606498,-2.407328324714606,21.328671328671327,-1.0672563176895309,85.97027972027972,64.6853146853147,63.52698667222386,1.1583280130908309,"https://static.www.nfl.com/image/upload/f_auto,q_auto/league/xmtaggdnhuyl4pdwtv8j"
Daniel Jones,00-0035710,2024,REG,216,341,2070.0,8,7.0,29.0,172.0,4,2,2509.0,944.0,106.0,-33.381812343811916,0,8.60143693917,0.8939496586325822,67,265.0,2,0.0,0.0,26.0,8.926219049462816,0,135.3,135.3,10,27.0,5.0,77.0,220.0,2.707498516320475,5.003611111111111,7.303396226415094,-2.299785115303983,14.95601173020528,-1.6557232704402518,79.42937438905182,63.34310850439883,64.41400392947834,-1.070895425079513,"https://static.www.nfl.com/image/private/f_auto,q_auto/league/zrhniboizqpxtdyz6gez"
Davis Mills,00-0036898,2022,REG,292,479,3118.0,17,15.0,31.0,244.0,5,2,3734.0,1524.0,135.0,-74.33538193844655,1,12.951780145008643,0.6581363686996168,32,108.0,2,3.0,1.0,8.0,2.1491521729541274,0,181.52,181.52,15,25.0,3.0,76.0,225.0,2.782920502092051,5.354965753424658,7.876745689655172,-2.521779936230514,15.24008350730689,-1.1857543103448271,78.78827418232429,60.96033402922756,63.62243589939305,-2.662101870165486,"https://static.www.nfl.com/image/upload/f_auto,q_auto/league/ednftvn7qywdim05j7u5"
Derek Carr,00-0031280,2024,REG,189,279,2145.0,15,5.0,8.0,48.0,2,0,2178.0,1087.0,93.0,48.41037511315902,1,10.92704579766883,1.3298792139845894,17,71.0,1,1.0,0.0,4.0,-1.0944499316974543,0,150.9,150.9,10,33.0,10.0,75.0,210.0,2.7589175627240143,5.69026455026455,8.398664122137404,-2.708399571872854,11.11111111111111,-0.6776717557251909,101.02299880525688,67.74193548387096,64.389157274531,3.3527782093399594,"https://static.www.nfl.com/image/upload/f_auto,q_auto/league/qsz1pyrlu6bmvby6maaf"
Deshaun Watson,00-0033537,2024,REG,137,216,1148.0,5,3.0,33.0,191.0,3,2,1569.0,594.0,49.0,-62.594276007111645,1,5.922104388295908,0.23081758775228056,31,148.0,1,2.0,1.0,8.0,-1.8450406061772135,0,76.72,76.72,7,28.0,7.0,75.0,221.0,2.9389768518518515,3.8535036496350368,7.149142857142857,-3.29563920750782,16.666666666666664,-2.9699047619047616,79.01234567901234,63.42592592592593,65.57353710221058,-2.1476111762846486,"https://static.www.nfl.com/image/private/f_auto,q_auto/league/otfs2docj6eahaebo5xn"
Desmond Ridder,00-0038122,2023,REG,249,388,2836.0,12,12.0,31.0,197.0,6,4,3184.0,1222.0,136.0,-33.3997411758443,2,13.844087279382423,0.972303679258689,53,193.0,5,6.0,1.0,18.0,-14.43581715768457,0,180.14000000000001,181.14000000000001,15,25.0,2.0,75.0,215.0,2.695108808290155,6.240160642570281,8.147813333333334,-1.9076526907630529,14.948453608247425,-0.6708533333333332,83.44072164948454,64.17525773195877,65.62366954905471,-1.4484118170959448,"https://static.www.nfl.com/image/upload/f_auto,q_auto/league/rhpusa7pfgd82d9ui6y7"
Dorian Thompson-Robinson,00-0038583,2024,REG,61,118,440.0,0,6.0,8.0,47.0,2,1,710.0,251.0,20.0,-71.14114697335754,0,2.7665676442281715,-0.1086996142317975,21,122.0,0,1.0,0.0,9.0,5.991397552657872,0,15.8,15.8,6,24.0,1.0,74.0,205.0,2.7603582085472538,3.6130677071466537,5.865796545821422,-2.252728838674769,10.197789021747498,-3.471312331331647,44.96136274734698,52.098047644574585,63.606211642888105,-11.508163998313526,"https://static.www.nfl.com/image/upload/f_auto,q_auto/league/ujuyt3hpswlin3aahmhu"
Drake Maye,00-0039851,2024,REG,225,338,2276.0,15,10.0,34.0,229.0,5,4,2473.0,1192.0,112.0,-27.612309328381347,2,10.781350091050735,0.919672378385682,54,421.0,2,4.0,2.0,22.0,20.10827512247488,0,177.14,177.14,13,22.0,0.0,76.0,225.0,2.7382640949554897,4.619644444444445,7.328571428571429,-2.7089269841269843,15.384615384615383,-1.612422360248447,88.0793885601578,66.5680473372781,64.5362030670664,2.0318442702117068,"https://static.www.nfl.com/image/upload/f_auto,q_auto/league/iy96wbyjth5ehizc0xq5"
Drew Lock,00-0035704,2024,REG,107,181,1071.0,6,5.0,12.0,88.0,4,2,1107.0,611.0,45.0,-42.722446811100696,1,5.72441772228719,0.3260651924544138,18,133.0,2,1.0,0.0,9.0,12.075437067076564,0,80.14,80.14,7,27.0,5.0,76.0,228.0,2.843622222222223,4.194485981308411,7.0648275862068965,-2.8703416048984858,17.12707182320442,-2.320229885057472,75.54097605893188,59.11602209944752,62.99905347231344,-3.883031372865915,"https://static.www.nfl.com/image/upload/f_auto,q_auto/league/tlkgzjnuugarxjeoj9vk"
Easton Stick,00-0035282,2023,REG,111,174,1129.0,3,1.0,14.0,122.0,5,4,1204.0,581.0,53.0,-34.01198611579233,0,5.034459807814067,0.0802348585482139,27,144.0,1,0.0,0.0,11.0,8.037567018560367,0,67.56,67.56,5,28.0,5.0,73.0,224.0,2.8234161849710984,4.689099099099099,7.042899408284022,-2.3538003091849227,16.091954022988507,-1.868343195266272,85.63218390804597,63.793103448275865,65.67869926963387,-1.8855958213580024,"https://static.www.nfl.com/image/upload/f_auto,q_auto/league/ybdbylsv4ikjnmwornzo"
Gardner Minshew,00-0035289,2024,REG,203,306,2013.0,9,10.0,29.0,164.0,4,3,1847.0,1099.0,106.0,-47.06377278283449,1,11.152047865084327,0.5439865140461396,19,58.0,0,2.0,1.0,5.0,-7.564716533728642,0,96.32000000000001,96.32000000000001,10,28.0,5.0,73.0,225.0,2.7061122112211216,4.372364532019704,6.0305338078291815,-1.6581692758094777,17.320261437908496,-2.734590747330961,80.9640522875817,66.33986928104575,65.09322544401573,1.246643837030021,"https://static.www.nfl.com/image/upload/f_auto,q_auto/league/zn2kvriijuixffqfx7ob"
Geno Smith,00-0030565,2024,REG,407,578,4320.0,21,15.0,50.0,338.0,4,0,3996.0,2181.0,209.0,24.594096387796093,0,21.209822271889777,1.9445400955113343,53,272.0,2,4.0,0.0,17.0,1.241315049061086,0,266.0,266.0,17,33.0,11.0,75.0,221.0,2.8323038194444448,5.143783783783784,7.172274368231046,-2.0284905844472627,12.45674740484429,-2.2176173285198555,93.20213379469436,70.41522491349481,67.15861683982105,3.2566080736737604,"https://static.www.nfl.com/image/upload/f_auto,q_auto/league/izkm5yyxybb5uy5dkcgf"
Hendon Hooker,00-0038550,2024,REG,6,9,62.0,0,0.0,1.0,9.0,0,0,58.0,30.0,3.0,-2.076887565394496,0,3.421212121212121,0.0,5,2.0,0,0.0,0.0,1.0,-2.9957676058402285,0,2.68,2.68,3,26.0,1.0,75.0,218.0,,,,,,,,,,,"https://static.www.nfl.com/image/upload/f_auto,q_auto/league/ym5l2he8pycechphzse6"
Jacoby Brissett,00-0033119,2024,REG,95,161,826.0,2,1.0,18.0,119.0,3,1,1093.0,437.0,41.0,-38.16767835544852,1,4.715298146932257,0.20683477984890117,15,62.0,0,1.0,0.0,5.0,3.1165734097594395,0,45.24,45.24,7,31.0,8.0,76.0,235.0,2.8744250000000005,4.091263157894737,7.110794701986755,-3.0195315440920183,18.012422360248447,-1.928940397350993,74.18478260869564,59.00621118012423,59.77254987040662,-0.7663386902823959,"https://static.www.nfl.com/image/upload/f_auto,q_auto/league/dps7iuuc2zwl68yppqux"
Jake Browning,00-0035100,2023,REG,171,243,1936.0,12,7.0,24.0,169.0,3,0,1554.0,1109.0,93.0,22.299077136490972,1,11.328920130916005,1.0004042406985736,27,127.0,3,0.0,0.0,12.0,9.535520887743427,0,143.44,144.44,9,28.0,5.0,74.0,209.0,2.72861316872428,4.683040935672515,6.3211489361702125,-1.6381080004976978,16.46090534979424,-2.478851063829787,98.37962962962963,70.37037037037037,67.08378143026015,3.286588940110221,"https://static.www.nfl.com/image/upload/f_auto,q_auto/league/kuxgw7azlwgyv2ptawvf"
Jake Haener,00-0038998,2024,REG,18,39,226.0,1,1.0,6.0,55.0,0,0,345.0,97.0,10.0,-14.948479153761138,0,3.0595710106114025,-0.23154658897968805,11,22.0,0,0.0,0.0,0.0,-1.5562912306049839,0,13.24,13.24,8,25.0,1.0,73.0,195.0,2.5532352941176466,9.42888888888889,9.877058823529412,-0.4481699346405232,11.76470588235294,1.347647058823531,76.1029411764706,52.94117647058824,56.19236260433408,-3.25118613374584,"https://static.www.nfl.com/image/upload/f_auto,q_auto/league/wugesxgiiuzs6fdymp57"
Jalen Hurts,00-0036389,2024,REG,248,361,2903.0,18,5.0,38.0,271.0,5,3,2814.0,1375.0,139.0,41.36266696927139,0,15.019307410783203,2.1815953093021516,150,630.0,14,4.0,2.0,62.0,42.63827943167077,0,315.12,315.12,15,26.0,4.0,73.0,218.0,3.1313,6.202016129032258,7.991676646706588,-1.7896605176743297,16.343490304709142,-0.8825748502994011,103.68767313019391,68.69806094182826,62.08825992766014,6.60980101416812,"https://static.www.nfl.com/image/upload/f_auto,q_auto/league/k2p5yb4qmqwoo3qcapgt"
Jameis Winston,00-0031503,2024,REG,181,296,2121.0,13,12.0,24.0,130.0,5,2,2640.0,765.0,103.0,-26.844956939174565,4,6.205245238957251,0.6874011571163273,25,83.0,1,0.0,0.0,17.0,16.702675447857473,0,131.14,131.14,11,30.0,9.0,76.0,231.0,2.78802372881356,7.395027624309392,9.240833333333336,-1.845805709023942,17.56756756756757,0.5047222222222223,80.6447072072072,61.14864864864865,62.39709793212446,-1.2484492834758072,"https://static.www.nfl.com/image/upload/f_auto,q_auto/league/chdeosreuupotgq0eqlm"
Jared Goff,00-0033106,2024,REG,390,539,4629.0,37,12.0,31.0,234.0,6,0,3406.0,2635.0,236.0,167.50168968876793,1,26.3140734144755,3.373677148639063,35,56.0,0,0.0,0.0,9.0,-3.12486233766038,0,323.46000000000004,324.46000000000004,17,29.0,8.0,76.0,223.0,2.7872947761194027,5.115358974358975,6.8317416829745605,-1.7163827086155852,11.50278293135436,-1.569432485322896,111.76948051948052,72.35621521335807,68.03872488121155,4.31749033214652,"https://static.www.nfl.com/image/upload/f_auto,q_auto/league/jxyaiwwkabzmmphouxil"
Jaren Hall,00-0038598,2023,REG,13,20,168.0,0,1.0,4.0,28.0,2,2,156.0,99.0,7.0,-12.676042797437358,0,4.925432669253237,0.26149238543134823,6,14.0,0,0.0,0.0,0.0,-1.9660199251832182,0,2.120000000000001,2.120000000000001,3,26.0,1.0,72.0,205.0,,,,,,,,,,,"https://static.www.nfl.com/image/upload/f_auto,q_auto/league/ki7jq97gzu1dv16hi4jq"
Jarrett Stidham,00-0035264,2022,REG,53,83,656.0,4,3.0,7.0,47.0,2,1,763.0,261.0,32.0,-5.130124091908549,0,2.410658245881574,0.21936529900438267,14,84.0,0,1.0,0.0,7.0,4.824725395592395,0,42.64,42.64,3,28.0,5.0,75.0,214.0,2.9522241625816994,5.721993083003953,8.801237132352943,-3.07924404934899,18.290441176470587,-0.3623658088235299,89.96629901960785,62.52042483660131,61.52661976136657,0.9938050752347429,"https://static.www.nfl.com/image/upload/f_auto,q_auto/league/ydf4deab7bxkpjztpze5"
Jayden Daniels,00-0039910,2024,REG,331,480,3568.0,25,9.0,47.0,238.0,2,0,3548.0,1780.0,170.0,59.695651133760485,2,17.574003979543413,2.308123987385395,148,891.0,6,3.0,0.0,55.0,57.46547189990886,1,355.82,355.82,17,23.0,0.0,76.0,210.0,2.6846715481171546,5.434954682779457,7.6367099567099554,-2.201755273930498,14.374999999999998,-1.3438095238095236,100.06944444444446,68.95833333333333,67.91162474507776,1.0467085882555691,"https://static.www.nfl.com/image/upload/f_auto,q_auto/league/mh9rkwpmq1rgfarg9rpm"
Jeff Driskel,00-0032436,2023,REG,13,26,166.0,2,2.0,3.0,26.0,0,0,232.0,74.0,8.0,-10.957208045409061,0,0.7155172413793104,-0.030105234232513878,7,33.0,0,0.0,0.0,4.0,0.4751124630565755,0,13.940000000000001,13.940000000000001,1,31.0,8.0,76.0,235.0,2.7014230769230774,8.575384615384616,9.8808,-1.305415384615383,34.61538461538461,1.0807999999999998,63.9423076923077,50.0,56.46135016129568,-6.461350161295677,"https://static.www.nfl.com/image/upload/f_auto,q_auto/league/qvyjv4da7ya6erhqx67m"
Jimmy Garoppolo,00-0031345,2023,REG,110,169,1205.0,7,9.0,14.0,101.0,0,0,1364.0,468.0,60.0,-19.161635413862108,1,5.848699342114885,0.4281019083343922,20,39.0,0,1.0,0.0,6.0,-2.7111202365194913,0,64.1,64.1,7,32.0,10.0,74.0,225.0,2.937744047619048,6.565636363636364,8.061393939393941,-1.495757575757577,15.976331360946746,-0.9143636363636358,77.65039447731755,65.08875739644971,65.99653875069505,-0.907781354245344,"https://static.www.nfl.com/image/upload/f_auto,q_auto/league/lbyjizqecoq4onrgectw"
Joe Burrow,00-0036442,2024,REG,460,652,4918.0,43,9.0,48.0,278.0,9,5,4614.0,2192.0,253.0,117.02095542445556,0,18.955063153779086,2.784136555093941,42,201.0,2,2.0,0.0,16.0,16.052818928466877,0,372.82,372.82,17,27.0,4.0,76.0,216.0,2.7109508448540702,5.929173913043477,7.434674085850556,-1.5055001728070794,15.797546012269938,-0.687742448330684,108.53783231083848,70.5521472392638,65.62670749695,4.925439742313799,"https://static.www.nfl.com/image/private/f_auto,q_auto/league/jzzqz5ubkilrn9dpxtlp"
Joe Flacco,00-0026158,2024,REG,162,248,1761.0,12,7.0,18.0,123.0,3,3,2215.0,651.0,87.0,2.9993858721668687,0,5.588957026193659,0.7075546323521819,9,26.0,0,1.0,1.0,2.0,-7.002136736351531,0,99.04,99.04,7,39.0,16.0,78.0,245.0,2.6931411290322584,6.704814814814816,8.738264462809918,-2.033449647995102,15.725806451612904,-0.2617355371900826,90.47379032258064,65.32258064516128,63.9281839222437,1.394396722917584,"https://static.www.nfl.com/image/upload/f_auto,q_auto/league/yxvyoeojkif7tnfviamc"
Joe Milton III,00-0039398,2024,REG,22,29,241.0,1,0.0,0.0,0.0,0,0,280.0,72.0,14.0,11.790716131760057,0,0.8607142857142858,0.2361256384659101,10,16.0,1,1.0,1.0,4.0,-3.962806242663646,0,19.240000000000002,19.240000000000002,1,24.0,0.0,77.0,235.0,3.63148275862069,7.845909090909092,10.518888888888888,-2.6729797979797967,24.13793103448276,1.1855555555555553,111.42241379310344,75.86206896551724,53.367434133743416,22.494634831773823,"https://static.www.nfl.com/image/upload/f_auto,q_auto/league/x1c3tu0bkgqokripa885"
John Wolford,00-0034899,2022,REG,38,62,390.0,1,3.0,7.0,49.0,2,1,504.0,198.0,19.0,-19.748739064894636,0,1.5509065990327509,-0.01796314582741935,8,32.0,0,1.0,0.0,2.0,2.0556980341789313,0,14.8,14.8,2,28.0,6.0,73.0,200.0,3.1433376068376067,5.397827380952382,8.812955555555556,-3.4151281746031747,11.324786324786324,-0.3592666666666666,61.64529914529914,60.25641025641025,64.8396344584787,-4.583224202068447,"https://static.www.nfl.com/image/upload/f_auto,q_auto/league/y6biiyvgepsekqgoqb8i"
Jordan Love,00-0036264,2024,REG,268,425,3389.0,25,11.0,14.0,100.0,1,0,3757.0,1654.0,151.0,58.97951948510986,3,14.855523089567571,1.962514547275979,25,83.0,1,3.0,0.0,9.0,6.110127872786681,0,233.86,233.86,15,25.0,4.0,76.0,220.0,2.876075294117647,6.192500000000001,8.865655339805826,-2.6731553398058256,17.647058823529413,0.0743932038834953,96.6813725490196,63.05882352941177,64.23742065184257,-1.1785971224308014,"https://static.www.nfl.com/image/upload/f_auto,q_auto/league/a8xqle2vmsnumawdhswb"
Josh Allen,00-0034857,2024,REG,307,483,3731.0,28,6.0,14.0,63.0,5,2,4022.0,2005.0,173.0,129.05507279586547,1,16.3892658490939,2.794124355740116,102,531.0,12,0.0,0.0,51.0,57.00550150926268,0,372.34000000000003,372.34000000000003,16,28.0,6.0,77.0,237.0,2.884748962655602,5.442508143322476,8.322026143790849,-2.879518000468373,16.77018633540373,-0.6322222222222224,101.38457556935816,63.56107660455487,63.83472207922095,-0.2736454746660826,"https://static.www.nfl.com/image/upload/f_auto,q_auto/league/lq4ezafbszwwt2qsvhqv"
Josh Johnson,00-0026300,2024,REG,2,3,17.0,0,0.0,1.0,5.0,0,0,53.0,2.0,1.0,-1.8097355109639466,0,0.3018867924528302,0.0,4,1.0,0,0.0,0.0,0.0,-3.56283131003147,0,0.78,0.78,4,38.0,16.0,75.0,219.0,,,,,,,,,,,"https://static.www.nfl.com/image/upload/f_auto,q_auto/league/gbaye18gptzb1jpyswv8"
Joshua Dobbs,00-0033949,2023,REG,262,417,2464.0,13,10.0,30.0,217.0,7,5,3320.0,1003.0,126.0,-80.74965717074797,1,10.019750557365622,0.8529584814598875,77,421.0,6,5.0,1.0,31.0,13.464617508027004,2,202.66,202.66,13,29.0,7.0,75.0,216.0,2.953247002398081,5.453893129770993,7.600050125313284,-2.146156995542291,15.587529976019184,-1.3197493734335837,79.46143085531574,62.829736211031175,63.18177927365834,-0.3520430626271675,"https://static.www.nfl.com/image/upload/f_auto,q_auto/league/vjl8nqbcodtgzppwyemb"
Justin Fields,00-0036945,2024,REG,106,161,1106.0,5,1.0,16.0,124.0,2,1,1251.0,520.0,45.0,8.539870473925077,0,5.793125192760048,0.5996360852413722,62,289.0,5,4.0,0.0,19.0,2.4346262689507974,0,119.14,119.14,10,25.0,3.0,75.0,223.0,3.0368000000000004,5.286698113207548,7.6663815789473695,-2.379683465739822,11.801242236024844,-1.9454605263157885,93.33592132505176,65.83850931677019,64.31490066258803,1.523608654182155,"https://static.www.nfl.com/image/upload/f_auto,q_auto/league/vqcvybvs1vlqhkjvujbg"
Justin Herbert,00-0036355,2024,REG,332,504,3870.0,23,3.0,41.0,244.0,4,1,4335.0,1688.0,175.0,68.9618388662315,3,15.889138927471691,2.047856945470205,69,306.0,2,2.0,1.0,23.0,5.11319123656043,0,285.40000000000003,285.40000000000003,17,26.0,4.0,78.0,237.0,2.9105389221556885,6.499307228915662,8.660989690721648,-2.1616824618059853,15.873015873015872,-0.4647835051546392,101.70304232804232,65.87301587301587,64.42623347014425,1.4467824028716194,"https://static.www.nfl.com/image/upload/f_auto,q_auto/league/vvwim9hpgq1zs3bufmr0"
Kenny Pickett,00-0038102,2023,REG,201,324,2070.0,6,4.0,23.0,173.0,0,0,2288.0,1046.0,91.0,-40.24149194660611,0,11.478721148380666,0.6764083013342229,42,54.0,1,2.0,0.0,12.0,-5.1628800429785695,0,110.2,110.2,12,26.0,2.0,75.0,220.0,2.810829721362229,4.873482587064676,7.139322580645161,-2.265839993580485,20.061728395061728,-1.496161290322581,81.43004115226337,62.03703703703704,61.72918349527466,0.3078535417623769,"https://static.www.nfl.com/image/upload/f_auto,q_auto/league/lbyu04eubfsgezqftovz"
Kirk Cousins,00-0029604,2024,REG,303,453,3508.0,18,16.0,28.0,201.0,7,2,3374.0,1687.0,163.0,22.081388022190346,0,15.40231532876094,1.3462439630467993,23,0.0,0,5.0,0.0,2.0,-16.772096396629887,0,176.32,176.32,14,36.0,12.0,75.0,202.0,2.708489977728285,5.832706270627063,7.801693363844394,-1.968987093217331,19.646799116997794,-1.4340045766590392,88.61754966887418,66.88741721854305,64.5537962557267,2.3336209628163544,"https://static.www.nfl.com/image/upload/f_auto,q_auto/league/yt6n07jezvfmcsoq0j13"
Kyle Allen,00-0034577,2022,REG,46,78,416.0,2,4.0,5.0,41.0,2,0,560.0,239.0,19.0,-34.0045657036541,0,1.598095238095238,-0.033173407680997684,6,13.0,0,2.0,1.0,2.0,-6.142968632047996,0,15.940000000000001,15.940000000000001,2,28.0,6.0,75.0,211.0,2.6733076923076924,3.5546346153846162,6.281169985775249,-2.7265353703906334,16.666666666666664,-2.796710526315789,60.63034188034189,58.974358974358964,68.23223422830685,-9.257875253947883,"https://static.www.nfl.com/image/upload/f_auto,q_auto/league/knqlp0qrchvv6rjayshv"
Kyle Trask,00-0036928,2022,REG,3,9,23.0,0,0.0,0.0,0.0,0,0,99.0,20.0,1.0,-5.332559636328369,0,0.23232323232323232,-0.07878999862541408,0,0.0,0,0.0,0.0,0.0,0.0,0,0.92,0.92,1,26.0,3.0,77.0,240.0,,,,,,,,,,,"https://static.www.nfl.com/image/upload/f_auto,q_auto/league/bnraldiwx6rqfbawxkvs"
Kyler Murray,00-0035228,2024,REG,372,541,3851.0,21,11.0,30.0,220.0,4,1,3693.0,1970.0,191.0,65.65436788089345,0,19.21598515638457,2.1361088666769192,78,572.0,5,4.0,3.0,27.0,17.827246009088967,1,297.24,297.24,17,27.0,5.0,70.0,207.0,2.809301851851852,5.040537634408603,7.080499040307103,-2.0399614058985005,16.820702402957487,-1.639270633397313,93.51124460874924,68.76155268022181,66.49368799992195,2.2678646802998657,"https://static.www.nfl.com/image/upload/f_auto,q_auto/league/lsladvvsaptc29bbcah2"
Lamar Jackson,00-0034796,2024,REG,316,474,4172.0,41,4.0,23.0,149.0,4,1,4109.0,2084.0,198.0,174.17261165601786,0,20.77562038408432,3.41479895808228,139,915.0,4,6.0,4.0,46.0,10.599933187217328,1,430.38000000000005,430.38000000000005,17,27.0,6.0,74.0,212.0,3.144268656716418,6.774335443037975,9.010726872246696,-2.236391429208721,10.970464135021098,-0.3901541850220262,119.62904360056255,66.66666666666666,66.77424968122054,-0.1075830145538816,"https://static.www.nfl.com/image/upload/f_auto,q_auto/league/cruqs6qpbykh7a2whd7p"
Logan Woodside,00-0034438,2023,REG,3,4,27.0,0,1.0,1.0,7.0,0,0,6.0,29.0,3.0,-10.079575101757655,0,4.5,0.0,1,6.0,0,0.0,0.0,0.0,0.325870348373428,0,-0.31999999999999984,-0.31999999999999984,1,29.0,6.0,73.0,213.0,,,,,,,,,,,"https://static.www.nfl.com/image/upload/f_auto,q_auto/league/hf5rgpjctslpwjzl0er9"
Mac Jones,00-0036972,2024,REG,171,262,1672.0,8,8.0,14.0,100.0,1,1,1928.0,908.0,77.0,-2.457469664451563,1,10.173735852278122,0.6775038802171558,28,92.0,1,1.0,1.0,12.0,0.6996301682653483,0,96.08,96.08,10,25.0,3.0,75.0,214.0,2.711106870229008,4.339766081871344,7.22752,-2.887753918128656,13.358778625954198,-1.98848,80.51844783715013,65.2671755725191,66.84760736543258,-1.5804317929134868,"https://static.www.nfl.com/image/upload/f_auto,q_auto/league/pedpdxybeus7mrovsoko"
Malik Willis,00-0038128,2022,REG,31,61,276.0,0,3.0,10.0,49.0,1,0,498.0,144.0,11.0,-38.837689051219954,0,3.4643828339082443,-0.027943816132636447,27,123.0,1,2.0,2.0,8.0,-6.886302529376104,0,19.34,19.34,7,25.0,2.0,73.0,215.0,2.9602601544622424,3.668703296703297,8.286642889274468,-4.6179395925711715,22.745041952707854,-1.7375843454790825,68.13739511823036,53.51353928299009,58.830866288661205,-5.317327005671115,"https://static.www.nfl.com/image/upload/f_auto,q_auto/league/e6w0hpe2pzefydmhqmr7"
Marcus Mariota,00-0032268,2022,REG,184,300,2219.0,15,9.0,28.0,195.0,4,1,3093.0,912.0,111.0,6.053635507238567,2,11.084404486051053,1.050729030496393,85,438.0,4,4.0,2.0,30.0,9.893773447169224,0,196.56,196.56,13,30.0,9.0,76.0,222.0,2.9343716216216214,6.990597826086956,10.231344827586208,-3.240747001499251,17.333333333333336,1.2623793103448278,88.18055555555556,61.33333333333333,63.12484233826399,-1.79150900493066,"https://static.www.nfl.com/image/upload/f_auto,q_auto/league/b9ribxqudeehvmjlw0va"
Mason Rudolph,00-0034771,2024,REG,146,228,1530.0,9,9.0,11.0,71.0,2,0,1630.0,656.0,78.0,-1.936141146490229,1,9.980285082644663,0.6825923789520694,25,106.0,1,3.0,1.0,13.0,4.988986552950049,0,95.8,95.8,8,29.0,6.0,77.0,235.0,2.8048133333333327,5.865890410958903,7.319065420560747,-1.4531750096018443,12.280701754385964,-1.3444859813084111,80.11695906432749,64.03508771929825,62.63446491865212,1.4006228006461257,"https://static.www.nfl.com/image/upload/f_auto,q_auto/league/pn938e0z2fobxmzfxmlh"
Matt Ryan,00-0026143,2022,REG,309,461,3057.0,14,13.0,38.0,287.0,12,3,2772.0,1405.0,156.0,-24.760005779762064,0,13.382329482733397,0.7375237775341289,27,70.0,1,3.0,2.0,9.0,-11.035300253523976,0,155.28,155.28,12,39.0,16.0,76.0,217.0,2.686480434782609,5.222038834951456,6.38867881548975,-1.166639980538294,16.052060737527114,-2.597653758542142,83.94342010122921,67.02819956616052,65.51759500872674,1.51060455743378,"https://static.www.nfl.com/image/private/f_auto,q_auto/league/s6zam4ekrrnonsck6vak"
Matthew Stafford,00-0026498,2024,REG,340,517,3762.0,20,8.0,28.0,213.0,4,2,3869.0,1726.0,176.0,34.73475009959403,0,16.49477300773636,1.6076459391984972,30,41.0,0,2.0,0.0,10.0,-3.011842658896128,0,214.58,214.58,16,36.0,15.0,75.0,220.0,2.779197674418605,5.840382352941178,7.707020000000001,-1.8666376470588235,13.152804642166345,-0.7889799999999999,93.65328820116054,65.76402321083172,67.1416551621934,-1.3776319513616784,"https://static.www.nfl.com/image/upload/f_auto,q_auto/league/xdlnnbapdbk8trxqlasu"
Michael Penix Jr.,00-0039917,2024,REG,61,105,775.0,3,3.0,4.0,14.0,2,0,1073.0,271.0,35.0,14.553116952157449,0,7.686124319071088,0.2507346550131282,7,11.0,1,0.0,0.0,1.0,0.5856191375351045,0,44.1,44.1,5,24.0,0.0,75.0,213.0,2.6676730622853433,7.93299359509886,9.984623997623999,-2.0516304025251393,14.010953309198923,0.5321935451935456,77.93105448807204,58.73851294903926,64.16001651187462,-5.421503562835348,"https://static.www.nfl.com/image/upload/f_auto,q_auto/league/ono6a9myuvmgmfz1y43t"
Mike White,00-0034401,2022,REG,103,175,1192.0,3,4.0,9.0,76.0,2,1,1303.0,568.0,56.0,-7.627866973863519,0,4.250796003810265,0.2561724384163461,6,9.0,1,0.0,0.0,3.0,2.5758212814689614,0,56.58,56.58,4,29.0,6.0,77.0,225.0,2.803314285714286,5.7053398058252425,7.594733727810652,-1.88939392198541,20.57142857142857,-1.6242011834319527,75.70238095238095,58.85714285714285,62.08365933597088,-3.2265164788280245,"https://static.www.nfl.com/image/upload/f_auto,q_auto/league/fmffqxu8o4ckhspqd8vm"
Mitchell Trubisky,00-0033869,2023,REG,67,107,632.0,4,5.0,7.0,42.0,0,0,983.0,274.0,36.0,-19.649531939842504,1,3.2166248271766116,0.10879010804049569,16,54.0,2,1.0,1.0,6.0,-0.6899640021729283,0,48.68,48.68,5,30.0,7.0,75.0,215.0,2.760055865921788,7.420683760683762,9.73393258426966,-2.3132488235859,24.444444444444443,0.7844943820224721,81.06481481481481,65.0,59.572335264335074,5.427664735664926,"https://static.www.nfl.com/image/upload/f_auto,q_auto/league/jetjlsljpb3shogn5grq"
Nate Sudfeld,00-0032792,2022,REG,0,0,0.0,0,0.0,1.0,7.0,0,0,0.0,0.0,0.0,-0.8987278068009172,0,0.0,0.0,5,-4.0,0,0.0,0.0,0.0,-3.4812826914712787,0,-0.4,-0.4,2,30.0,8.0,78.0,227.0,,,,,,,,,,,"https://static.www.nfl.com/image/upload/f_auto,q_auto/league/l1acxbghxcms27qi59nq"
Nathan Peterman,00-0033958,2022,REG,14,25,139.0,1,1.0,1.0,6.0,0,0,265.0,44.0,9.0,-5.093470546009485,0,0.9838632750397457,0.14480918711894367,2,7.0,0,0.0,0.0,0.0,-0.23472769581712782,0,8.26,8.26,3,30.0,7.0,74.0,225.0,2.702315789473684,6.571818181818184,9.297894736842109,-2.7260765550239228,36.84210526315789,0.5610526315789485,92.87280701754386,57.89473684210527,62.68975981756261,-4.795022975457343,"https://static.www.nfl.com/image/private/f_auto,q_auto/league/owifll49p0mmsjgf7rhn"
Nick Mullens,00-0033319,2023,REG,100,148,1306.0,7,8.0,12.0,105.0,2,0,1380.0,477.0,57.0,12.29686876892386,0,4.836277016398081,0.5475398387109133,10,25.0,0,0.0,0.0,4.0,-0.023295919862791337,0,66.74000000000001,66.74000000000001,5,29.0,7.0,73.0,210.0,3.065013605442177,8.1991,9.78472222222222,-1.5856222222222218,16.89189189189189,0.3819444444444441,88.40090090090091,67.56756756756756,62.16199420191146,5.405573365656103,"https://static.www.nfl.com/image/upload/f_auto,q_auto/league/xkbzegq3t29ean26xyp0"
PJ Walker,00-0033275,2023,REG,54,111,674.0,1,5.0,11.0,90.0,3,2,902.0,398.0,27.0,-34.964733364887934,0,2.9879558048794626,-0.14555860076835306,13,30.0,0,1.0,0.0,3.0,-5.251562835693553,0,19.96,19.96,5,29.0,7.0,71.0,212.0,2.6019309416337406,4.362003968253967,7.243163831311,-2.8811598630570314,10.969052821519615,-1.7557607594239368,73.59588375509864,56.95833196426175,67.0817580785227,-10.123426114260937,"https://static.www.nfl.com/image/upload/f_auto,q_auto/league/rfbfapksdwh1o4othraq"
Patrick Mahomes,00-0033873,2024,REG,392,581,3928.0,26,11.0,36.0,239.0,1,0,3681.0,2300.0,214.0,73.02735926034802,0,18.275815405078966,1.981613516435971,58,307.0,2,1.0,0.0,22.0,24.313266949804724,0,282.02,283.02,16,28.0,7.0,74.0,230.0,2.806379965457685,3.993367346938775,6.304520795660036,-2.311153448721261,10.327022375215146,-2.2198915009041595,93.50616752725186,67.46987951807229,69.17324945356268,-1.703369935490386,"https://static.www.nfl.com/image/upload/f_auto,q_auto/league/qrdbvu4iqy7wkqg8jq8d"
Russell Wilson,00-0029263,2024,REG,214,336,2482.0,16,5.0,33.0,219.0,3,2,2668.0,1122.0,112.0,-0.9645129991215988,0,10.591329886787014,1.2347437409325086,43,155.0,2,2.0,2.0,16.0,-7.594189534254838,0,172.78,172.78,11,35.0,12.0,71.0,215.0,2.860523952095808,5.929579439252335,7.715980392156863,-1.7864009529045282,13.095238095238097,-1.408202614379085,95.61011904761904,63.69047619047619,61.968232854269445,1.7222433362067449,"https://static.www.nfl.com/image/upload/f_auto,q_auto/league/u36rhg0md8ey3b4khbre"
Sam Darnold,00-0034869,2024,REG,361,545,4319.0,35,12.0,48.0,335.0,5,2,4606.0,1753.0,207.0,50.57475067137308,0,16.66439904250979,2.378524071645902,67,212.0,1,3.0,2.0,23.0,-3.1438761358859426,0,307.96,307.96,17,27.0,6.0,75.0,225.0,3.083395220588235,6.935817174515238,8.884582524271844,-1.9487653497566055,13.944954128440369,-0.1076504854368932,102.53440366972475,66.23853211009174,63.0157964874845,3.222735622607239,"https://static.www.nfl.com/image/upload/f_auto,q_auto/league/agjgfwk9jk9ufoac2vpd"
Sam Ehlinger,00-0036879,2022,REG,64,101,573.0,3,3.0,14.0,87.0,1,1,722.0,294.0,28.0,-40.58373256801548,0,3.114859014317274,0.14926082558169718,17,87.0,0,1.0,0.0,5.0,5.581816673982425,0,35.620000000000005,35.620000000000005,4,25.0,3.0,74.0,235.0,3.008307146426787,4.471106564364876,7.492636645962733,-3.0215300815978563,14.101520668237312,-0.8235124223602485,74.22422717212822,63.78382237452701,67.33516039547135,-3.5513380209443306,"https://static.www.nfl.com/image/upload/f_auto,q_auto/league/vubjzsj0dowty2bwlj8s"
Sam Howell,00-0037077,2023,REG,388,612,3946.0,21,21.0,65.0,449.0,3,1,4588.0,2019.0,180.0,-103.66117762751851,1,14.574135232313122,0.8406159141069229,48,263.0,5,1.0,1.0,19.0,23.631257094320972,1,256.54,257.54,17,23.0,2.0,73.0,225.0,2.816995098039216,4.874639175257731,7.367318339100347,-2.492679163842616,15.032679738562091,-1.2849307958477507,78.92156862745097,63.39869281045751,63.23055606700626,0.1681367434512495,"https://static.www.nfl.com/image/upload/f_auto,q_auto/league/xd9l7dbtwz8bpvygmcab"
Sean Clifford,00-0038391,2023,REG,1,1,37.0,0,0.0,0.0,0.0,0,0,34.0,3.0,1.0,2.1436268281540833,0,1.088235294117647,0.0,3,-2.0,0,1.0,0.0,0.0,-3.4916840002988465,0,1.28,1.28,2,26.0,1.0,74.0,212.0,,,,,,,,,,,"https://static.www.nfl.com/image/upload/f_auto,q_auto/league/ru4qdl0ffm28dvywvc4r"
Skylar Thompson,00-0037327,2022,REG,60,105,534.0,1,3.0,6.0,40.0,1,1,783.0,208.0,26.0,-32.73230369350694,0,7.402623608682859,-0.16925463276125874,14,21.0,0,1.0,1.0,1.0,-11.108908463618718,0,17.46,17.46,7,27.0,2.0,74.0,221.0,3.0708459357582614,4.979823436797121,7.045154100529101,-2.0653306637319804,6.866903328702989,-2.7329874338624336,65.6568218771105,57.53115927649035,63.951230055770715,-6.42007077928037,"https://static.www.nfl.com/image/upload/f_auto,q_auto/league/pfzzkuppkzuy1obzuf0m"
Spencer Rattler,00-0039376,2024,REG,130,228,1317.0,4,5.0,22.0,136.0,4,3,1834.0,642.0,62.0,-74.79232699372507,0,5.250447753010537,0.013614364581284719,18,146.0,0,1.0,0.0,7.0,13.575403080554679,0,67.28,67.28,7,23.0,0.0,72.0,218.0,2.8174537444933923,5.144846153846153,7.760046728971962,-2.615200575125809,8.771929824561402,-1.833411214953271,70.37646198830409,57.01754385964912,66.55002923257518,-9.53248537292606,"https://static.www.nfl.com/image/upload/f_auto,q_auto/league/xhllpfkd4hrpbwczbca6"
Tanner McKee,00-0038400,2024,REG,30,45,323.0,4,0.0,2.0,17.0,0,0,322.0,138.0,17.0,14.677713276299727,0,2.034757834757835,0.09728125906541288,5,-1.0,0,0.0,0.0,1.0,-3.002825558243785,0,28.82,28.82,2,24.0,1.0,78.0,230.0,2.634268292682927,5.500370370370371,6.473414634146341,-0.9730442637759698,14.634146341463412,-2.892439024390243,100.5589430894309,65.85365853658537,68.31856493542834,-2.4649063988429702,"https://static.www.nfl.com/image/upload/f_auto,q_auto/league/q0uc1cubsh0rwc4ezuul"
Taylor Heinicke,00-0031800,2023,REG,74,136,890.0,5,4.0,8.0,47.0,0,0,1136.0,508.0,41.0,-1.6432791084098852,0,4.260695290591735,0.13366719763034482,15,124.0,1,1.0,0.0,5.0,10.075049788429169,0,66.0,66.0,5,31.0,9.0,73.0,210.0,2.8820298507462687,5.001621621621623,8.436953125,-3.435331503378378,13.23529411764706,-0.4067968749999999,74.69362745098039,54.41176470588235,63.12028652276186,-8.70852181687951,"https://static.www.nfl.com/image/upload/f_auto,q_auto/league/fz9e0aufjyyo5raclwji"
Teddy Bridgewater,00-0031237,2022,REG,49,79,683.0,4,4.0,7.0,45.0,0,0,704.0,307.0,32.0,0.3831824399777548,0,2.8350672607282292,0.30523962713942804,3,27.0,0,0.0,0.0,2.0,3.3702399597968906,0,38.02,38.02,5,31.0,10.0,74.0,215.0,3.1152053663570687,7.53804347826087,9.558595992822964,-2.0205525145620955,14.981827971463185,0.1568814792663474,87.88568821884208,63.89150625925428,62.3737733024194,1.5177329568348767,"https://static.www.nfl.com/image/private/f_auto,q_auto/league/q5p8afhezmpvc1xbwibf"
Tim Boyle,00-0034177,2023,REG,48,77,360.0,1,4.0,9.0,64.0,1,0,477.0,190.0,16.0,-30.987578107018386,0,2.1070126356823606,-0.05296382447891782,4,5.0,0,1.0,0.0,3.0,2.6916901476797648,0,10.9,10.9,3,29.0,6.0,76.0,233.0,2.568256228070176,4.102813051146385,6.318310128310128,-2.2154970771637434,13.52046783625731,-2.329007644007644,62.04836744639376,59.01754385964912,65.21659041840952,-6.199046558760408,"https://static.www.nfl.com/image/upload/f_auto,q_auto/league/zmfyonfo6ohn5bxqwaxg"
Tommy DeVito,00-0038476,2023,REG,114,178,1101.0,8,3.0,37.0,196.0,0,0,1149.0,583.0,46.0,-49.32223220494569,0,9.881571799517314,0.11444606678181168,36,195.0,1,2.0,1.0,7.0,-3.230508171973908,0,93.54,93.54,9,26.0,1.0,74.0,210.0,2.987988764044944,4.523245614035085,6.450297619047618,-1.9270520050125333,10.112359550561797,-3.781845238095239,89.18539325842696,64.04494382022472,67.6083736875084,-3.563429867283688,"https://static.www.nfl.com/image/upload/f_auto,q_auto/league/ntolppjso4da6spe6okt"
Trace McSorley,00-0035146,2022,REG,45,83,412.0,0,5.0,3.0,27.0,1,1,644.0,207.0,17.0,-36.3881795077863,0,3.232999777687912,-0.016156656759683696,15,61.0,0,1.0,1.0,3.0,-6.190193126511879,0,8.58,8.58,5,29.0,5.0,72.0,202.0,2.6786568181818184,4.444583333333333,8.15702380952381,-3.7124404761904772,12.222222222222223,-1.6524999999999994,42.56944444444444,50.0,65.7191002762152,-15.719100276215205,"https://static.www.nfl.com/image/private/f_auto,q_auto/league/gfl6nhrkzshnhcsxfvqy"
Trevor Lawrence,00-0036971,2024,REG,172,284,2045.0,11,7.0,18.0,140.0,3,1,2658.0,834.0,97.0,3.9015726206284853,3,8.40695749484531,0.8716743949013526,26,119.0,3,0.0,0.0,13.0,8.410782758768562,0,145.7,145.7,10,24.0,3.0,78.0,220.0,2.6904718309859152,6.76732558139535,9.261250000000002,-2.493924418604652,11.971830985915492,0.7134558823529416,85.19659624413146,60.56338028169014,64.54117527284043,-3.977794991150297,"https://static.www.nfl.com/image/upload/f_auto,q_auto/league/ftznnho2rk2xzrculbob"
Trevor Siemian,00-0032156,2023,REG,86,153,724.0,2,4.0,8.0,40.0,4,2,814.0,471.0,35.0,-54.594705236723684,0,4.6993202852674,-0.17664178379357112,11,40.0,0,1.0,1.0,5.0,-7.309838077169843,0,26.96,26.96,5,32.0,9.0,75.0,220.0,2.526712418300653,2.6498837209302324,5.736319444444444,-3.0864357235142115,16.99346405228758,-3.798402777777779,62.10511982570807,56.209150326797385,64.99705975936129,-8.787909432563907,"https://static.www.nfl.com/image/private/f_auto,q_auto/league/vmksfbms9zefxezf39sb"
Trey Lance,00-0037012,2024,REG,25,41,266.0,0,1.0,4.0,23.0,0,0,268.0,149.0,13.0,-8.364336361202223,0,2.5516552511415522,0.025073466230376016,11,41.0,0,0.0,0.0,3.0,-2.1164626317913644,0,12.74,12.74,4,24.0,3.0,76.0,226.0,2.7150714285714286,6.436788461538462,7.828304195804196,-1.3915157342657345,12.710084033613445,-1.1915093240093242,65.65126050420169,52.62605042016807,64.04876049819299,-11.42271007802493,"https://static.www.nfl.com/image/upload/f_auto,q_auto/league/fas0q1ssb3ihak6pduet"
Tua Tagovailoa,00-0036212,2024,REG,291,399,2867.0,19,7.0,21.0,154.0,4,2,2271.0,1685.0,161.0,84.67415489330297,2,14.056055584873473,1.5946515552947595,17,49.0,0,3.0,0.0,5.0,0.4720417538192123,0,181.58,181.58,11,26.0,4.0,73.0,218.0,2.4184609571788416,3.779724137931035,5.600592783505154,-1.820868645574119,12.280701754385964,-2.97930412371134,101.3627819548872,72.93233082706767,72.00412305496764,0.9282077721000376,"https://static.www.nfl.com/image/upload/f_auto,q_auto/league/xzdbwt2ezmxk3pjcsr1n"
Tyler Huntley,00-0035993,2024,REG,86,133,829.0,3,3.0,15.0,92.0,4,1,1036.0,352.0,45.0,-17.848036515060116,0,4.138657176157176,0.33238065339410416,26,135.0,2,2.0,1.0,10.0,-0.5360116167174378,0,60.66,60.66,5,26.0,4.0,73.0,205.0,2.8127304197034646,5.428196462665875,7.384739704706877,-1.9565432420410023,11.893168645048522,-2.109514662392318,79.41360039328654,64.01335021674006,65.40033112508868,-1.3869809083486266,"https://static.www.nfl.com/image/upload/f_auto,q_auto/league/ex2ygunvni5o5aabnhbq"
Tyrod Taylor,00-0028118,2023,REG,116,180,1341.0,5,3.0,17.0,94.0,2,0,1541.0,578.0,52.0,2.116015696653961,0,6.960946885779897,0.7737828506503619,38,197.0,0,2.0,0.0,10.0,-0.41283654625414945,0,87.34,87.34,10,35.0,13.0,73.0,215.0,2.8041724137931032,6.239137931034483,8.753353658536586,-2.514215727502103,11.11111111111111,-0.6551829268292683,89.14351851851853,64.44444444444444,62.54700369719002,1.8974407472544212,"https://static.www.nfl.com/image/upload/f_auto,q_auto/league/xk8e04jdsvigd6fky3uy"
Tyson Bagent,00-0038416,2023,REG,94,143,859.0,3,6.0,5.0,35.0,2,2,814.0,498.0,48.0,-25.4177472920779,0,6.7171536822171545,0.2318913856518391,23,109.0,2,0.0,0.0,11.0,11.023287959246257,0,53.260000000000005,53.260000000000005,5,24.0,1.0,75.0,210.0,2.886426573426574,3.678617021276596,6.156086956521738,-2.4774699352451424,12.587412587412588,-2.235217391304347,71.40151515151516,65.73426573426573,67.63104386367165,-1.8967781294059165,"https://static.www.nfl.com/image/upload/f_auto,q_auto/league/m6ls9t5npcqavk3eoa9c"
Will Levis,00-0039152,2024,REG,190,301,2091.0,13,12.0,41.0,233.0,5,3,2621.0,929.0,86.0,-65.62493214026178,1,10.927893828855002,0.4478030239149065,45,183.0,0,5.0,3.0,20.0,-17.496554256690235,0,119.94,119.94,12,25.0,1.0,76.0,232.0,2.677003322259136,5.822947368421052,8.617610921501706,-2.794663553080654,18.6046511627907,-1.0649829351535838,81.41611295681064,63.12292358803987,64.90856974178374,-1.785646153743869,"https://static.www.nfl.com/image/upload/f_auto,q_auto/league/vr01ufscgtoagtuut9o4"
Zach Wilson,00-0037013,2023,REG,221,368,2271.0,8,7.0,46.0,340.0,7,4,2672.0,1113.0,104.0,-101.30015159158766,1,10.966106838936264,0.13635743671797484,36,211.0,0,4.0,3.0,7.0,-17.91052699665122,1,119.94,119.94,12,25.0,3.0,74.0,208.0,2.9054986301369863,5.049547511312216,7.489040697674419,-2.4394931863622027,18.75,-1.9440988372093024,77.16259057971016,60.05434782608695,61.60349465208128,-1.5491468259943275,"https://static.www.nfl.com/image/upload/f_auto,q_auto/league/okhlne3kgc11gwv4w6s8"
