player_name,player_id,season,season_type,carries,rushing_yards,rushing_tds,rushing_fumbles,rushing_fumbles_lost,rushing_first_downs,rushing_epa,rushing_2pt_conversions,receptions,targets,receiving_yards,receiving_tds,receiving_fumbles,receiving_fumbles_lost,receiving_air_yards,receiving_yards_after_catch,receiving_first_downs,receiving_epa,receiving_2pt_conversions,racr,target_share,air_yards_share,fantasy_points,fantasy_points_ppr,games,age,years_exp,height,weight,ngs_efficiency,ngs_percent_attempts_gte_eight_defenders,ngs_avg_time_to_los,ngs_avg_rush_yards,ngs_expected_rush_yards,ngs_rush_yards_over_expected,ngs_rush_yards_over_expected_per_att,ngs_rush_pct_over_expected,headshot_url
AJ Dillon,00-0036265,2023,REG,178,613.0,2,0.0,0.0,32.0,-23.49627604587461,0,22,28,223.0,0,0.0,0.0,1.0,231.0,10.0,5.780031336733373,0,-40.31309523809524,0.05575791136039882,-0.024195771968065015,95.60000000000001,117.60000000000001,15,26.0,4.0,72.0,250.0,4.137830342577488,25.280898876404496,2.5971656441717803,3.443820224719101,669.7273457675097,-63.72734576750975,-0.3620871918608508,0.3693181818181818,"https://static.www.nfl.com/image/upload/f_auto,q_auto/league/dmngnuthwbzaxzekg53u"
Aaron Jones,00-0033293,2024,REG,255,1138.0,5,3.0,1.0,49.0,-13.446157851263338,0,51,62,408.0,2,2.0,2.0,54.0,411.0,20.0,3.297681135018966,0,-10.676289538074435,0.12172763237901835,0.1497497783475827,190.60000000000002,241.6,17,29.0,7.0,69.0,208.0,3.871599297012303,18.43137254901961,2.7499017094017097,4.462745098039216,1061.5029390851523,42.49706091484745,0.1693109996607468,0.4063745019920319,"https://static.www.nfl.com/image/upload/f_auto,q_auto/league/bktkfvgfwujkdbzkcfim"
Aaron Shampklin,00-0037609,2024,REG,6,17.0,0,0.0,0.0,1.0,-2.4144699463954655,0,0,0,0.0,0,0.0,0.0,0.0,0.0,0.0,0.0,0,0.0,0.0,0.0,1.7000000000000002,1.7000000000000002,3,24.0,2.0,70.0,194.0,,,,,,,,,"https://static.www.nfl.com/image/upload/f_auto,q_auto/league/iujjn4h87hwnj9tswfey"
Adam Prentice,00-0036727,2022,REG,4,9.0,0,0.0,0.0,3.0,1.4556626389967278,0,3,3,9.0,0,1.0,0.0,-9.0,18.0,1.0,-0.3270686522591859,0,-0.5619047619047619,0.024221967963386725,-0.0612935523345738,1.8000000000000003,4.8,5,27.0,3.0,72.0,245.0,,,,,,,,,"https://static.www.nfl.com/image/upload/f_auto,q_auto/league/yiwqv2dccizjdkw1dmye"
Alec Ingold,00-0035125,2024,REG,10,17.0,1,2.0,1.0,6.0,-10.23862992407862,0,11,12,96.0,0,0.0,0.0,15.0,76.0,3.0,3.275362042186316,0,12.637362637362639,0.038498466680598024,0.09594470065576195,15.3,26.3,9,28.0,5.0,73.0,242.0,,,,,,,,,"https://static.www.nfl.com/image/upload/f_auto,q_auto/league/ti3f1rb38z7sbxkjk2d9"
Alexander Mattison,00-0034972,2024,REG,132,420.0,4,1.0,1.0,25.0,-30.891997679007826,1,36,48,294.0,1,0.0,0.0,-4.0,314.0,13.0,-6.277238814333214,0,-25.742261904761904,0.10085643693836972,-0.05405431171059041,101.4,137.4,14,26.0,5.0,71.0,220.0,4.248595238095239,16.666666666666664,2.7198086956521736,3.1818181818181817,497.3130941804972,-77.31309418049716,-0.5857052589431603,0.3181818181818182,"https://static.www.nfl.com/image/upload/f_auto,q_auto/league/uftc0gl0wzo5povcu6ih"
Alvin Kamara,00-0033906,2024,REG,228,950.0,6,0.0,0.0,52.0,-18.174864595851048,0,68,89,543.0,2,1.0,0.0,79.0,542.0,18.0,-6.146962946878427,0,-15.471683784094115,0.21274499995347115,0.3348237122882166,197.3,265.3,14,29.0,7.0,70.0,215.0,4.411263157894741,25.438596491228072,2.76294472361809,4.166666666666667,964.5676668999428,-34.56766689994288,-0.1529542783183313,0.3805309734513274,"https://static.www.nfl.com/image/private/f_auto,q_auto/league/tl9enad6kiwv6cukf4vt"
Ameer Abdullah,00-0032104,2024,REG,66,311.0,2,1.0,1.0,14.0,-7.581538221371561,0,40,47,261.0,3,0.0,0.0,31.0,252.0,16.0,11.852883492729346,0,20.74117216117216,0.09990650960427667,0.12517573144690486,85.2,125.2,13,31.0,9.0,69.0,203.0,3.192973244147158,15.0,2.6675000000000004,4.825,66.12063898794017,10.879361012059832,0.3776860113431525,0.5421052631578948,"https://static.www.nfl.com/image/upload/f_auto,q_auto/league/atwi5p12mlgnsl4y8cgt"
Andrew Beck,00-0034959,2023,REG,5,3.0,1,0.0,0.0,2.0,-1.4628208396025002,0,11,13,55.0,2,1.0,1.0,22.0,37.0,4.0,-9.02365962843089,0,6.958333333333333,0.034852139986298915,0.09259601860601088,27.8,38.8,12,28.0,5.0,75.0,255.0,,,,,,,,,"https://static.www.nfl.com/image/upload/f_auto,q_auto/league/rsfn0gxxiu1cx6woxd38"
Anthony McFarland,00-0036336,2022,REG,6,30.0,0,0.0,0.0,3.0,0.7719154636724852,0,2,2,11.0,0,0.0,0.0,-4.0,15.0,1.0,-0.4527095224475488,0,-2.75,0.07142857142857142,-0.024539877300613498,4.1000000000000005,6.1000000000000005,1,26.0,4.0,69.0,198.0,,,,,,,,,"https://static.www.nfl.com/image/private/f_auto,q_auto/league/dwt64mh92t2qztepvswo"
Antonio Gibson,00-0036328,2024,REG,120,538.0,1,2.0,0.0,24.0,-10.650857649656245,0,23,29,206.0,0,0.0,0.0,53.0,213.0,12.0,2.4091973559776187,0,-40.965343915343915,0.05869228049947462,0.17896642527100157,80.4,103.4,17,26.0,4.0,72.0,221.0,3.73042750929368,14.166666666666666,3.007371428571429,4.483333333333333,452.6653554943693,83.33464450563076,0.7002911302994181,0.453781512605042,"https://static.www.nfl.com/image/upload/f_auto,q_auto/league/hsjhpzgfdilf9cyrpeup"
Audric Estim√©,00-0039373,2024,REG,76,310.0,2,2.0,1.0,15.0,-7.429717775516861,0,5,5,27.0,0,0.0,0.0,-10.0,37.0,2.0,-0.7653279736405239,0,-16.166666666666668,0.012096774193548387,-0.06725987163125892,43.7,48.7,13,20.0,0.0,71.0,227.0,4.361559378468368,31.54761904761905,2.881827380952381,3.3095238095238093,58.42637321253235,-14.926373212532347,-1.1460789829749438,0.26190476190476186,"https://static.www.nfl.com/image/upload/f_auto,q_auto/league/cb8k8fqbi3rnecaiqrcy"
Austin Ekeler,00-0033699,2024,REG,77,367.0,4,1.0,0.0,19.0,4.998703326682188,0,35,41,366.0,0,1.0,0.0,-59.0,424.0,14.0,13.802796869245599,0,-80.625,0.1216728550457105,-0.32477303694439597,97.3,132.3,12,29.0,7.0,70.0,200.0,4.149633757961783,15.083798882681563,2.634852760736196,3.5083798882681565,648.716841214827,-47.71684121482701,-0.2695866735300961,0.3502824858757062,"https://static.www.nfl.com/image/upload/f_auto,q_auto/league/sldndpn2zwt4uhkj2zks"
Avery Williams,00-0036950,2022,REG,22,109.0,1,0.0,0.0,6.0,0.22057749633677304,0,13,14,61.0,0,0.0,0.0,-27.0,85.0,3.0,-1.088607817532521,0,-1.9761904761904763,0.043263662596336405,-0.20109531140694656,23.0,36.0,14,26.0,3.0,69.0,195.0,,,,,,,,,"https://static.www.nfl.com/image/upload/f_auto,q_auto/league/gdmc7wmuqw6wc7cgxwck"
Bam Knight,00-0037157,2022,REG,85,300.0,1,1.0,0.0,14.0,-13.8350112856757,0,13,14,100.0,0,1.0,0.0,-30.0,132.0,5.0,4.006584078888409,0,-31.166666666666668,0.049072356215213365,-0.07299124032494692,46.0,59.0,7,23.0,2.0,71.0,210.0,5.778472111191523,27.978021978021978,3.0887969830169832,3.741521223874165,48.917326933991305,0.28267306600869657,-0.04810315346327983,0.366529304029304,"https://static.www.nfl.com/image/private/f_auto,q_auto/league/qdfkex1xfpfdyfovabig"
Bijan Robinson,00-0038542,2024,REG,304,1456.0,14,1.0,0.0,82.0,16.883539606789647,1,61,72,431.0,1,0.0,0.0,-21.0,531.0,20.0,7.648418742303209,0,-36.7466940902235,0.1407924508438311,-0.24549566476325832,280.7,341.7,17,22.0,1.0,71.0,214.0,4.149890109890108,12.828947368421051,2.890904255319148,4.789473684210527,1230.4057909840053,194.5942090159947,0.6618850646802541,0.4829931972789115,"https://static.www.nfl.com/image/upload/f_auto,q_auto/league/rydwvaod6ethdjap41l6"
Blake Corum,00-0039738,2024,REG,58,207.0,0,0.0,0.0,12.0,-9.743752136302646,0,7,8,58.0,0,0.0,0.0,-5.0,65.0,5.0,2.6341044609434903,0,1.6666666666666679,0.017984493719787838,-0.014491626141737586,26.5,33.5,14,23.0,0.0,68.0,213.0,,,,,,,,,"https://static.www.nfl.com/image/upload/f_auto,q_auto/league/ehpbxs9iiosm4xs7nhnl"
Blake Watson,00-0039573,2024,REG,4,10.0,0,0.0,0.0,2.0,-0.17967239196877927,0,1,2,13.0,0,0.0,0.0,-4.0,18.0,0.0,0.25141325587173924,0,-3.25,0.05128205128205128,-0.031746031746031744,2.3000000000000003,3.3000000000000003,1,24.0,0.0,69.0,195.0,,,,,,,,,"https://static.www.nfl.com/image/upload/f_auto,q_auto/league/x527wf1dlqhu9ncr9zv0"
Boston Scott,00-0034414,2022,REG,54,217.0,3,0.0,0.0,12.0,-2.530565278371796,0,5,6,15.0,0,0.0,0.0,-10.0,20.0,0.0,-3.9425144935958087,0,0.22222222222222232,0.016079880018851748,-0.054979274317480904,41.2,46.2,13,29.0,6.0,66.0,203.0,,,,,,,,,"https://static.www.nfl.com/image/upload/f_auto,q_auto/league/eqdpw33quvi1wbwakaak"
Braelon Allen,00-0039794,2024,REG,92,334.0,2,0.0,0.0,22.0,-7.616423593426589,0,19,27,148.0,1,0.0,0.0,-5.0,163.0,8.0,4.739825129858218,0,51.06212121212121,0.044743124672363,-0.018809286452301493,66.2,85.2,17,20.0,0.0,73.0,235.0,3.902455089820358,14.130434782608695,2.576894117647059,3.630434782608696,385.7354989236668,-57.7354989236668,-0.6415055435962977,0.3111111111111111,"https://static.www.nfl.com/image/upload/f_auto,q_auto/league/p0fylkec7poarrjosefz"
Breece Hall,00-0038120,2024,REG,209,876.0,5,5.0,1.0,40.0,-22.018763753843345,2,57,76,483.0,3,1.0,1.0,19.0,496.0,15.0,-1.4884487913530977,0,22.110768398268398,0.1412967498734016,0.028988313082681558,183.9,240.9,16,23.0,2.0,71.0,220.0,4.2895433789954325,11.483253588516746,2.886643617021277,4.1913875598086126,846.7814001203375,4.21859987966252,0.0207812801953818,0.3842364532019704,"https://static.www.nfl.com/image/upload/f_auto,q_auto/league/ekmqygsmfkwwwdmuox4r"
Brian Robinson,00-0037746,2024,REG,187,799.0,8,2.0,2.0,47.0,-12.081065748527804,0,20,25,159.0,0,0.0,0.0,-23.0,179.0,4.0,-2.825956794258688,0,-3.166666666666667,0.05978539630051372,-0.13564081029939407,139.8,159.8,14,25.0,2.0,73.0,228.0,3.603366708385482,14.43850267379679,2.6961309523809525,4.2727272727272725,738.9097548223441,15.090245177655902,0.0820122020524777,0.3478260869565217,"https://static.www.nfl.com/image/private/f_auto,q_auto/league/gxcfbuvmooytbn45kvxf"
British Brooks,00-0039603,2024,REG,1,2.0,0,0.0,0.0,0.0,-0.33625045185908675,0,0,0,0.0,0,0.0,0.0,0.0,0.0,0.0,0.0,0,0.0,0.0,0.0,0.2,0.2,1,24.0,0.0,71.0,225.0,,,,,,,,,"https://static.www.nfl.com/image/upload/f_auto,q_auto/league/qyywm0giwehv0iwy2f7n"
Bucky Irving,00-0039361,2024,REG,207,1122.0,8,2.0,1.0,52.0,20.879305200389354,0,47,52,392.0,0,0.0,0.0,-159.0,528.0,16.0,15.518046194164771,0,-23.07889574193922,0.0912462088644101,-0.8033504590546618,197.4,244.4,17,22.0,0.0,70.0,195.0,3.353618538324419,14.492753623188406,2.828218750000001,5.420289855072464,899.2301193360373,185.76988066396268,0.938231720525064,0.4191919191919191,"https://static.www.nfl.com/image/upload/f_auto,q_auto/league/wjaqkrtdhwf16wldi83h"
C.J. Ham,00-0032918,2022,REG,4,7.0,2,0.0,0.0,3.0,1.085244546935428,0,10,12,86.0,0,0.0,0.0,63.0,56.0,7.0,5.690742364502512,0,6.2214285714285715,0.036856187603537566,0.19702375754081425,21.3,31.299999999999997,9,31.0,8.0,71.0,235.0,,,,,,,,,"https://static.www.nfl.com/image/upload/f_auto,q_auto/league/a23fezyvrzsse3q8yuxi"
Cam Akers,00-0036414,2024,REG,104,444.0,2,1.0,1.0,21.0,-18.5232545894105,0,14,18,68.0,3,0.0,0.0,-27.0,83.0,4.0,-1.0221885307149088,0,-6.8177655677655675,0.03308303714900487,-0.08834708560682336,79.2,93.2,15,25.0,4.0,70.0,212.0,4.091824324324323,18.269230769230766,2.86165882352941,4.269230769230769,448.05662512018506,-6.0566251201850605,-0.0588021856328646,0.3106796116504854,"https://static.www.nfl.com/image/upload/f_auto,q_auto/league/dutj0wamu7giwghnmr4m"
Carson Steele,00-0039325,2024,REG,56,183.0,0,3.0,2.0,14.0,-11.983610462734525,0,7,11,26.0,0,0.0,0.0,-17.0,43.0,0.0,-2.9024881075602025,0,-6.833333333333333,0.03306087668042127,-0.10610647615466917,16.900000000000002,23.900000000000002,12,21.0,0.0,72.0,225.0,2.9265277777777783,17.647058823529413,2.425875,4.235294117647059,68.24493120014846,3.755068799851543,0.2208863999912672,0.4117647058823529,"https://static.www.nfl.com/image/upload/f_auto,q_auto/league/lhkvntmjrt4fbsxi3hrt"
Chase Brown,00-0038597,2024,REG,229,990.0,7,2.0,1.0,49.0,-5.85863272827405,1,54,65,360.0,4,0.0,0.0,53.0,326.0,23.0,9.818895294484077,0,23.220079769315763,0.10730175554806319,0.14587016276839213,201.0,255.0,16,24.0,1.0,70.0,205.0,3.724212121212122,18.340611353711797,2.609580952380952,4.323144104803493,890.0631400094491,66.93685999055094,0.2988252678149595,0.3928571428571428,"https://static.www.nfl.com/image/upload/f_auto,q_auto/league/rxzzjpgjgjsmmkekp6zu"
Chase Edmonds,00-0034681,2022,REG,68,245.0,2,0.0,0.0,8.0,-15.705972078634659,0,16,24,157.0,1,0.0,0.0,50.0,113.0,7.0,5.059574326597328,0,21.287284610814023,0.05229936977017695,0.20004160839608456,58.2,74.2,13,28.0,6.0,69.0,210.0,6.688600000000001,23.333333333333332,2.95125,2.2916666666666665,50.57966100234101,-25.57966100234101,-2.268879683917527,0.14166666666666666,"https://static.www.nfl.com/image/upload/f_auto,q_auto/league/nbnqxhjafvg2vg6lc2ls"
Chris Brooks,00-0038685,2024,REG,36,183.0,1,0.0,0.0,12.0,4.7882587546024995,0,11,13,69.0,0,0.0,0.0,-22.0,95.0,2.0,-3.788488999606906,0,4.7904040404040416,0.04501580875912427,-0.1425856901245624,31.200000000000003,42.2,11,24.0,1.0,73.0,230.0,,,,,,,,,"https://static.www.nfl.com/image/upload/f_auto,q_auto/league/uuahiqarbpnfv8xlihlu"
Chris Collier,00-0039244,2024,REG,5,12.0,0,0.0,0.0,0.0,-3.004719461896457,0,1,2,-4.0,0,0.0,0.0,-5.0,1.0,0.0,-1.598184967180714,0,0.8,0.029411764705882353,-0.01694915254237288,0.8,1.8,2,24.0,0.0,71.0,195.0,,,,,,,,,"https://static.www.nfl.com/image/upload/f_auto,q_auto/league/pj0aengevekxp3j1psd6"
Chris Evans,00-0036857,2023,REG,2,12.0,0,0.0,0.0,0.0,-0.6515378241892904,0,1,1,-1.0,0,0.0,0.0,-1.0,0.0,0.0,-1.3476241859607399,0,1.0,0.03225806451612903,-0.00423728813559322,1.1,2.1,1,26.0,3.0,71.0,216.0,,,,,,,,,"https://static.www.nfl.com/image/upload/f_auto,q_auto/league/r7f5vinm6aqdzxtjf4yx"
Chris Rodriguez Jr.,00-0038611,2023,REG,51,247.0,2,1.0,1.0,14.0,-3.4841602042724844,0,2,2,12.0,0,0.0,0.0,-7.0,19.0,1.0,0.45433003921061754,0,-4.5,0.006882440476190476,-0.03291046148189005,35.900000000000006,37.900000000000006,8,24.0,1.0,71.0,224.0,3.009365924794208,15.891608391608393,2.797481351981352,5.31451048951049,41.74896363652764,17.00103636347236,1.515532042080082,0.5288461538461539,"https://static.www.nfl.com/image/upload/f_auto,q_auto/league/z5nbh1nza9je683o17h1"
Christian McCaffrey,00-0033280,2023,REG,272,1459.0,14,2.0,2.0,83.0,14.388323717255844,0,67,83,564.0,7,1.0,0.0,153.0,461.0,31.0,6.454787399318722,0,-17.937128820486066,0.18659607840135223,0.697468227510581,324.3,391.3,16,28.0,7.0,71.0,205.0,3.5888485263879377,36.02941176470589,2.8048097165991908,5.363970588235294,1032.6689880858185,349.33101191418154,1.3232235299779604,0.4659090909090909,"https://static.www.nfl.com/image/upload/f_auto,q_auto/league/umiv5sn2xxrjdjwjtkqm"
Chuba Hubbard,00-0036555,2024,REG,250,1195.0,10,1.0,1.0,62.0,9.696877446418444,1,43,54,171.0,1,3.0,2.0,-65.0,245.0,10.0,-22.244035907264333,0,-7.467277167277167,0.11949811683145016,-0.4263025037131407,198.60000000000002,241.60000000000002,15,25.0,3.0,73.0,207.0,3.3327615062761504,22.4,2.615353191489359,4.78,892.0800873688785,281.9199126311215,1.164958316657527,0.512396694214876,"https://static.www.nfl.com/image/upload/f_auto,q_auto/league/oyis5zooijf0xfme9csj"
Clyde Edwards-Helaire,00-0036360,2022,REG,71,302.0,3,0.0,0.0,15.0,1.9969222918880405,0,17,23,151.0,3,0.0,0.0,10.0,144.0,11.0,10.229611164977541,0,-53.53333333333333,0.06189595982764863,0.014418408988720512,81.3,98.3,10,25.0,4.0,67.0,209.0,4.327436454164714,9.912280701754385,2.887427200577201,3.7250950803582383,59.166775134024164,-4.166775134024171,-0.3893514956142933,0.3654817404817404,"https://static.www.nfl.com/image/upload/f_auto,q_auto/league/lgwe3vcpwh3db31b2obg"
Cody Schrader,00-0039703,2024,REG,1,3.0,0,0.0,0.0,0.0,-0.3208925893995911,0,1,1,6.0,0,0.0,0.0,0.0,6.0,0.0,0.3972773446002975,0,0.0,0.025,0.0,0.9,1.9,1,24.0,0.0,69.0,214.0,,,,,,,,,"https://static.www.nfl.com/image/upload/f_auto,q_auto/league/lalojbe9yf1gmoeuyklz"
Cordarrelle Patterson,00-0030578,2022,REG,144,695.0,8,1.0,1.0,39.0,-0.25217030422188547,0,21,31,122.0,0,0.0,0.0,75.0,116.0,6.0,-18.13727469034199,0,3.3945707070707076,0.09392865999428225,0.3424803947742078,133.70000000000002,154.70000000000002,13,33.0,11.0,74.0,238.0,4.010129496402881,36.80555555555556,2.8816718749999994,4.826388888888889,572.1291298675209,86.87087013247913,0.6249702887228714,0.4532374100719424,"https://static.www.nfl.com/image/upload/f_auto,q_auto/league/jktdrwmujfuqp94csnav"
Craig Reynolds,00-0035567,2023,REG,41,179.0,1,1.0,1.0,11.0,-4.479686257458525,0,5,5,47.0,0,0.0,0.0,-12.0,59.0,2.0,2.8365457532927394,0,-18.666666666666668,0.021335363413658145,-0.04308032348993149,26.599999999999998,31.599999999999998,6,28.0,5.0,71.0,215.0,6.6398558558558545,37.85714285714286,2.8926587301587303,3.392857142857143,39.924166339032254,4.575833660967742,0.16625732762323164,0.4214285714285715,"https://static.www.nfl.com/image/upload/f_auto,q_auto/league/kfohmdfiai96uqcl7c03"
D'Andre Swift,00-0036275,2024,REG,253,959.0,6,1.0,0.0,43.0,-38.92684176869807,0,42,52,386.0,0,1.0,0.0,2.0,405.0,12.0,1.8073432361870143,1,3.148611111111111,0.10110170670494513,0.07248869836579316,172.5,214.5,17,25.0,4.0,69.0,211.0,4.501449426485922,22.529644268774703,2.8658198198198197,3.790513833992095,1125.5934389497806,-173.59343894978065,-0.6943737557991226,0.288,"https://static.www.nfl.com/image/upload/f_auto,q_auto/league/xlqznrxbapcjhxxazkbx"
D'Ernest Johnson,00-0035628,2023,REG,41,108.0,0,0.0,0.0,5.0,-13.305333968893585,0,10,12,140.0,0,0.0,0.0,10.0,136.0,6.0,9.814723854260428,0,3.6999999999999993,0.02080560046278828,0.02876684114275688,24.8,34.800000000000004,15,28.0,5.0,70.0,208.0,,,,,,,,,"https://static.www.nfl.com/image/upload/f_auto,q_auto/league/gbe2eojaxid4n3pmo0rj"
D'Onta Foreman,00-0033925,2023,REG,109,425.0,4,1.0,0.0,24.0,-4.143150425195927,0,11,16,77.0,1,0.0,0.0,21.0,65.0,6.0,1.204451046185568,0,10.451428571428572,0.05710753857305581,-0.0025617968902794663,80.2,91.2,9,28.0,7.0,73.0,233.0,3.828047058823529,20.18348623853211,2.633693877551021,3.8990825688073394,418.77862707101326,8.221372928986739,0.0768352610185676,0.4299065420560747,"https://static.www.nfl.com/image/upload/f_auto,q_auto/league/shlxaet74pmn8arznphw"
Dalvin Cook,00-0033893,2022,REG,264,1173.0,8,3.0,3.0,50.0,-48.55650332735415,0,39,56,295.0,2,0.0,0.0,-34.0,331.0,16.0,6.475425905337565,0,-31.043939393939397,0.08670944973657033,-0.16259486632661066,198.8,237.8,17,29.0,7.0,70.0,210.0,4.008184143222509,18.939393939393938,2.911220779220779,4.443181818181818,1138.764501037635,-20.764501037635,-0.0804825621613759,0.3217054263565891,"https://static.www.nfl.com/image/upload/f_auto,q_auto/league/uurolop9ktcloxqh4fid"
Dameon Pierce,00-0037258,2023,REG,145,416.0,2,0.0,0.0,14.0,-40.757559880495464,0,13,17,101.0,0,0.0,0.0,14.0,95.0,3.0,0.5504580808919854,0,19.635714285714286,0.03746513689651414,0.05064686935706664,69.7,82.7,13,24.0,2.0,70.0,215.0,5.183173076923074,26.20689655172414,3.001359999999999,2.8689655172413797,485.270416803797,-83.27041680379699,-0.5905703319418226,0.3262411347517731,"https://static.www.nfl.com/image/upload/f_auto,q_auto/league/kotnmiuvvfmfuupr0f82"
Dare Ogunbowale,00-0033854,2022,REG,42,123.0,1,0.0,0.0,10.0,-6.272083778888103,0,20,26,104.0,0,0.0,0.0,-11.0,124.0,5.0,-12.237651202012785,0,0.9888888888888883,0.06481633290843818,-0.030513433498291394,28.7,48.7,11,30.0,7.0,71.0,205.0,5.2879545454545465,11.212121212121213,2.83705,2.5,46.5608553691205,-15.0608553691205,-1.1851108711681664,0.19090909090909092,"https://static.www.nfl.com/image/upload/f_auto,q_auto/league/kzthvzy64jesgizjthwx"
Darrynton Evans,00-0036297,2023,REG,32,121.0,1,0.0,0.0,10.0,0.6038455819798321,0,7,12,49.0,0,0.0,0.0,-14.0,69.0,2.0,-5.2291400569987045,0,-23.05,0.06544102125998678,-0.35080536244064475,23.0,30.0,6,26.0,4.0,70.0,200.0,5.8325,42.85714285714285,3.100230769230769,3.4285714285714284,47.757834104552266,-1.7578341045522663,-0.135218008042482,0.3846153846153846,"https://static.www.nfl.com/image/upload/f_auto,q_auto/league/akmrd72vwsbpsnuh9775"
David Montgomery,00-0035685,2024,REG,185,775.0,12,2.0,1.0,50.0,-7.8847785938286625,0,36,38,341.0,0,0.0,0.0,-18.0,365.0,16.0,15.918257171709268,0,58.021428571428565,0.09068847693888307,-0.03660438600687586,185.72,221.72,14,27.0,5.0,71.0,222.0,3.881909677419357,25.405405405405407,2.7218546511627904,4.1891891891891895,759.1267621144887,-4.126762114488656,-0.0227997906877826,0.4198895027624309,"https://static.www.nfl.com/image/upload/f_auto,q_auto/league/nwdb4paueb1x4gv7tlb9"
De'Von Achane,00-0039040,2024,REG,203,907.0,6,0.0,0.0,37.0,-11.281631010235287,0,78,87,592.0,6,1.0,0.0,-35.0,665.0,30.0,23.8639774751283,0,-9.79327498588368,0.15270101463506558,-0.250287285453636,221.9,299.9,17,22.0,1.0,69.0,185.0,4.05792723263506,20.19704433497537,2.824136904761905,4.467980295566503,957.9559516065062,-80.95595160650623,-0.4172987196211661,0.3041237113402061,"https://static.www.nfl.com/image/upload/f_auto,q_auto/league/zqfkz3hbyurjcwhw7xoi"
DeeJay Dallas,00-0036425,2022,REG,35,186.0,0,0.0,0.0,9.0,3.086083561705891,0,17,19,126.0,0,0.0,0.0,10.0,126.0,5.0,0.11279492192708274,0,-2.275362318840579,0.052871957776263995,0.03649239595631648,29.200000000000003,46.2,11,25.0,4.0,70.0,214.0,4.237297297297297,0.0,2.9595,3.7,49.37705034054499,-12.37705034054499,-1.237705034054499,0.1,"https://static.www.nfl.com/image/upload/f_auto,q_auto/league/qsij89kqrxap0jba9zwh"
Demetric Felton,00-0036654,2022,REG,1,-4.0,0,0.0,0.0,0.0,-1.2909204087918624,0,2,4,8.0,0,0.0,0.0,16.0,11.0,0.0,-1.4629614923615009,0,-1.0,0.03911273911273911,0.08092660202897968,0.4,2.4,4,26.0,3.0,69.0,185.0,,,,,,,,,"https://static.www.nfl.com/image/private/f_auto,q_auto/league/pfjsjpzj2f9cn39xqde2"
Deon Jackson,00-0036493,2022,REG,68,236.0,1,1.0,1.0,13.0,-15.613186295582791,0,30,34,209.0,1,0.0,0.0,-17.0,228.0,10.0,-8.54644934029784,0,-15.763636363636364,0.07742701023061554,-0.05235318837661559,54.5,84.5,12,25.0,3.0,72.0,220.0,5.378378915988173,9.91841491841492,2.636205361305361,3.1335664335664335,49.29341815205783,-10.293418152057829,-0.8713211528132762,0.28997668997668996,"https://static.www.nfl.com/image/private/f_auto,q_auto/league/wvi0pz27h6t7gfjujxis"
Derrick Henry,00-0032764,2024,REG,325,1921.0,16,3.0,1.0,94.0,40.596154030029325,0,19,22,193.0,2,0.0,0.0,-25.0,216.0,11.0,9.010280206304742,0,25.501190476190473,0.05280732378489189,-0.1670150158744486,317.40000000000003,336.40000000000003,17,30.0,8.0,75.0,247.0,3.089177511712649,33.23076923076923,2.7228585858585848,5.910769230769231,1318.1470724359783,561.8529275640215,1.7668331055472373,0.4685534591194968,"https://static.www.nfl.com/image/upload/f_auto,q_auto/league/m7bv3lv9puapabltvykk"
Deuce Vaughn,00-0038622,2023,REG,23,40.0,0,0.0,0.0,1.0,-12.909250165859703,0,7,7,40.0,0,0.0,0.0,-6.0,46.0,1.0,0.7451961804763414,0,10.25,0.032845782845782844,-0.01681359486688995,8.0,15.0,6,22.0,1.0,66.0,176.0,,,,,,,,,"https://static.www.nfl.com/image/upload/f_auto,q_auto/league/uzxaeh4dssbmvz3lwaan"
Devin Singletary,00-0035250,2024,REG,113,437.0,4,2.0,2.0,24.0,-11.144816790469909,0,21,24,119.0,0,0.0,0.0,-68.0,178.0,4.0,-11.24154247296974,0,8.674603174603174,0.048855520344168436,-0.37355610992819094,75.60000000000001,96.60000000000001,15,26.0,5.0,67.0,203.0,3.90059496567506,22.12389380530973,2.71203738317757,3.8672566371681416,490.0623295478293,-54.06232954782928,-0.4826993709627614,0.3392857142857143,"https://static.www.nfl.com/image/upload/f_auto,q_auto/league/wz8mp8xb5bdspcxosreh"
Dylan Laube,00-0039407,2024,REG,1,0.0,0,1.0,1.0,0.0,-4.668176158738788,0,0,0,0.0,0,0.0,0.0,0.0,0.0,0.0,0.0,0,0.0,0.0,0.0,-2.0,-2.0,1,24.0,0.0,70.0,208.0,,,,,,,,,"https://static.www.nfl.com/image/upload/f_auto,q_auto/league/zag3wqxniqpcgujte3h7"
Elijah Dotson,00-0038862,2023,REG,4,6.0,0,0.0,0.0,0.0,-3.1967907728394493,0,2,2,13.0,0,0.0,0.0,-1.0,14.0,0.0,0.37644284265115857,0,-13.0,0.05128205128205128,-0.0024630541871921183,1.9000000000000001,3.9000000000000004,1,25.0,1.0,69.0,200.0,,,,,,,,,"https://static.www.nfl.com/image/upload/f_auto,q_auto/league/yx9vzbdqe6khlgdanbk3"
Elijah Mitchell,00-0036567,2023,REG,75,281.0,2,0.0,0.0,14.0,-11.30356071589631,0,6,8,14.0,0,0.0,0.0,-22.0,26.0,2.0,-8.16301331249997,0,2.8333333333333335,0.024601476954418132,-0.11655485042283617,41.5,47.5,11,26.0,3.0,70.0,221.0,3.894627008720515,40.42186571598336,2.6984747155785387,4.16513029454206,56.307103581988294,6.492896418011705,0.34746042322966014,0.40928613869790337,"https://static.www.nfl.com/image/upload/f_auto,q_auto/league/ecpkun66fbkxptrnmdcw"
Emanuel Wilson,00-0038797,2024,REG,103,502.0,4,0.0,0.0,27.0,9.20893033756883,0,11,14,48.0,1,0.0,0.0,-63.0,99.0,3.0,-3.5111703557152856,0,-5.225396825396825,0.02942270256374421,-0.2825995611190681,85.0,96.0,17,25.0,1.0,71.0,220.0,3.5791832669322727,14.563106796116504,2.8050625,4.87378640776699,422.3223468686221,73.67765313137795,0.7294817141720589,0.4257425742574257,"https://static.www.nfl.com/image/upload/f_auto,q_auto/league/hpscbhsmjocm8kmwfbuc"
Emari Demercado,00-0038705,2023,REG,58,284.0,2,0.0,0.0,12.0,-5.2967349450051175,0,21,30,119.0,0,0.0,0.0,27.0,109.0,4.0,-14.946506310184343,0,49.925,0.07855208998212772,0.11516772405102768,52.300000000000004,73.3,11,25.0,1.0,69.0,210.0,3.673586010413597,27.82051282051282,2.785138888888888,4.287179487179487,59.078332201514854,1.2550011318184862,0.17149860512647885,0.4615384615384615,"https://static.www.nfl.com/image/upload/f_auto,q_auto/league/pvd4nrkfpg8h1yamerrr"
Eric Gray,00-0038396,2023,REG,17,48.0,0,1.0,0.0,2.0,-7.894027838774491,0,6,7,22.0,0,0.0,0.0,-8.0,40.0,0.0,-3.7494461149908602,0,0.3571428571428572,0.04157428355957767,-0.04477383157160915,7.0,13.0,5,24.0,1.0,70.0,210.0,6.744,0.0,2.4162222222222223,2.083333333333333,37.19161775006938,-15.191617750069383,-1.3810561590972166,0.2727272727272727,"https://static.www.nfl.com/image/upload/f_auto,q_auto/league/ijjxwxv1ccyowzhpuw2k"
Evan Hull,00-0038397,2023,REG,1,1.0,0,0.0,0.0,0.0,-1.4869537617778406,0,1,1,6.0,0,0.0,0.0,3.0,3.0,0.0,-0.10811814304906875,0,2.0,0.02564102564102564,0.013761467889908258,0.7000000000000001,1.7000000000000002,1,23.0,1.0,70.0,210.0,,,,,,,,,"https://static.www.nfl.com/image/upload/f_auto,q_auto/league/ujeotuzljtwd4wtzbuse"
Ezekiel Elliott,00-0033045,2023,REG,184,642.0,3,1.0,0.0,33.0,-27.282744640982337,0,51,65,313.0,2,1.0,1.0,-42.0,374.0,12.0,-10.107500240426049,0,-10.795930735930735,0.12377699904435797,-0.21748285537429207,123.5,174.5,17,29.0,8.0,72.0,228.0,3.909688473520248,17.934782608695652,2.7091197604790422,3.489130434782609,700.5630598138597,-70.5630598138597,-0.3877091198563719,0.4175824175824176,"https://static.www.nfl.com/image/upload/f_auto,q_auto/league/d4yr6htg4dbs0bgcfqnd"
Gary Brightwell,00-0036569,2022,REG,31,141.0,1,0.0,0.0,9.0,-4.4235599027417525,0,5,8,39.0,0,0.0,0.0,7.0,35.0,4.0,1.4398451957094949,0,6.75,0.030207860707803992,0.03348193554379121,24.0,29.0,8,26.0,3.0,73.0,218.0,3.293,9.090909090909092,2.990888888888889,5.454545454545454,41.39932638252019,18.600673617479814,1.6909703288618012,0.3636363636363636,"https://static.www.nfl.com/image/upload/f_auto,q_auto/league/m2xicttj0rfcclm9t0gs"
George Holani,00-0039299,2024,REG,3,10.0,0,0.0,0.0,1.0,-0.7718284350121394,0,1,1,-1.0,0,0.0,0.0,-1.0,0.0,0.0,-0.40869680093601346,0,1.0,0.017241379310344827,-0.00625,0.9,1.9,2,24.0,0.0,70.0,210.0,,,,,,,,,"https://static.www.nfl.com/image/upload/f_auto,q_auto/league/x0f2kv9b6nw2vjloykm9"
Gus Edwards,00-0034184,2024,REG,101,365.0,4,0.0,0.0,17.0,-13.124124479896064,0,3,5,6.0,0,0.0,0.0,-15.0,11.0,0.0,-3.101063936483115,0,-0.3333333333333333,0.01601010101010101,-0.07003744425365514,61.1,64.10000000000001,11,29.0,6.0,73.0,238.0,4.100328767123288,33.663366336633665,2.753234042553192,3.613861386138614,409.9711944011119,-37.97119440111192,-0.3797119440111192,0.34,"https://static.www.nfl.com/image/upload/f_auto,q_auto/league/dyobqe3w5eypevsk3f2b"
Hassan Haskins,00-0037617,2024,REG,34,89.0,2,1.0,1.0,13.0,-3.679708030249458,0,3,3,49.0,1,0.0,0.0,7.0,42.0,2.0,5.056516458338592,0,15.5,0.008333333333333333,0.027065527065527065,29.8,32.8,11,24.0,2.0,74.0,220.0,4.795178030303031,33.33333333333333,2.6365000000000003,3.0416666666666665,44.049580890397664,-13.54958089039766,-1.1971851315243567,0.2651515151515151,"https://static.www.nfl.com/image/upload/f_auto,q_auto/league/kfqhhr4xcm2iaocbvdyp"
Hunter Luepke,00-0038738,2024,REG,12,38.0,0,0.0,0.0,6.0,0.9359209736109828,0,12,16,111.0,0,0.0,0.0,39.0,84.0,5.0,4.598201807206468,0,1.225108225108225,0.03542890452984689,0.1598974888501775,14.9,26.900000000000002,13,24.0,1.0,73.0,236.0,,,,,,,,,"https://static.www.nfl.com/image/upload/f_auto,q_auto/league/kutswlnzg4fefe7lpbd2"
Isaac Guerendo,00-0039363,2024,REG,84,420.0,4,0.0,0.0,18.0,4.852067155530676,0,15,16,152.0,0,1.0,0.0,50.0,107.0,7.0,6.534524605667684,0,6.956410256410257,0.04370369538666138,0.14608648777974498,81.2,96.2,13,24.0,0.0,72.0,225.0,3.5131277889637023,38.88392857142857,2.79115625,6.183482142857143,57.00902031468807,21.990979685311927,2.21225546440553,0.3876488095238095,"https://static.www.nfl.com/image/upload/f_auto,q_auto/league/vi0oa4oajc6ecgzr8l08"
Isaiah Davis,00-0039798,2024,REG,30,174.0,1,0.0,0.0,10.0,4.41404169931775,0,9,12,75.0,1,0.0,0.0,16.0,75.0,4.0,5.281452965042693,0,2.460606060606061,0.036785433644516835,0.04686334983299185,36.9,45.9,9,22.0,0.0,73.0,220.0,4.17225,30.0,2.710555555555556,4.0,35.34962375352675,4.65037624647325,0.465037624647325,0.4,"https://static.www.nfl.com/image/upload/f_auto,q_auto/league/yx5kxu7fsb1oe4jlqvyh"
Isaiah Spiller,00-0038045,2023,REG,37,96.0,0,0.0,0.0,1.0,-14.360955198761076,0,6,6,34.0,0,0.0,0.0,-5.0,39.0,1.0,0.5254501588632001,0,-13.0,0.021661464095674623,-0.017380342595583857,13.0,19.0,9,23.0,2.0,73.0,215.0,4.8434,0.0,3.1486000000000005,3.125,65.91963626546367,-15.919636265463666,-0.9949772665914792,0.3125,"https://static.www.nfl.com/image/upload/f_auto,q_auto/league/msdwytjm5qjxe336lmnv"
Isiah Pacheco,00-0037197,2024,REG,83,310.0,1,0.0,0.0,14.0,-13.669875385501655,0,12,16,79.0,0,0.0,0.0,-22.0,119.0,4.0,-1.8505314201552152,0,19.28333333333333,0.07670457515297611,-0.2331936918338545,44.900000000000006,56.900000000000006,7,25.0,2.0,70.0,215.0,3.5736470588235294,12.195121951219512,2.762369791666666,4.560975609756097,828.4860755008264,90.51392449917364,0.4525696224958682,0.4,"https://static.www.nfl.com/image/private/f_auto,q_auto/league/rzr8nxjunjeiv8bjir59"
Israel Abanikanda,00-0038389,2023,REG,22,70.0,0,0.0,0.0,3.0,-2.945533414859291,0,7,11,43.0,0,0.0,0.0,6.0,46.0,2.0,-1.2154877553111874,0,-4.756410256410256,0.04852092352092352,0.04576986511016292,11.3,18.3,6,21.0,1.0,70.0,215.0,,,,,,,,,"https://static.www.nfl.com/image/private/f_auto,q_auto/league/ythhca1bq2bjbhgfyf9o"
J.J. Taylor,00-0036096,2022,REG,10,9.0,0,0.0,0.0,0.0,-5.491076122416416,0,1,1,8.0,0,0.0,0.0,3.0,5.0,0.0,0.8876697216182947,0,2.6666666666666665,0.034482758620689655,0.017543859649122806,1.7000000000000002,2.7,1,26.0,4.0,66.0,185.0,12.815555555555555,30.0,2.7791428571428574,0.9,27.56519599306313,-18.56519599306313,-1.8565195993063133,0.1,"https://static.www.nfl.com/image/upload/f_auto,q_auto/league/m8en6noemyviirgtxlgd"
J.K. Dobbins,00-0036158,2024,REG,195,905.0,9,0.0,0.0,47.0,4.240172508865963,0,32,38,153.0,0,0.0,0.0,-44.0,204.0,7.0,-13.866991405793035,0,-0.7087912087912098,0.10623853506771098,-0.2671662029313455,159.8,191.8,13,25.0,4.0,70.0,214.0,3.616994475138122,21.025641025641026,2.791079096045197,4.641025641025641,767.1726895431806,114.82731045681942,0.5980589086292678,0.34375,"https://static.www.nfl.com/image/upload/f_auto,q_auto/league/rbuyzj3kv10xrq1rfy2l"
JaMycal Hasty,00-0035806,2022,REG,46,194.0,2,0.0,0.0,7.0,-7.001697056461126,0,20,26,126.0,1,0.0,0.0,-34.0,134.0,7.0,5.571410241699993,0,-19.428216374269006,0.06072772256547689,-0.22006472552538586,50.0,70.0,14,27.0,4.0,68.0,205.0,5.585979437229438,42.5,2.728041666666667,2.8166666666666664,40.32139469420798,-9.821394694207978,-0.8793132864444224,0.30833333333333335,"https://static.www.nfl.com/image/upload/f_auto,q_auto/league/stvclosmy6zi864kfxw7"
Jacob Kibodi,00-0039617,2024,REG,5,24.0,0,0.0,0.0,1.0,-0.7370813344605267,0,1,3,15.0,0,0.0,0.0,9.0,11.0,1.0,-4.447477297333535,0,1.6666666666666667,0.09090909090909091,0.03571428571428571,3.9000000000000004,4.9,1,25.0,0.0,73.0,225.0,,,,,,,,,"https://static.www.nfl.com/image/upload/f_auto,q_auto/league/no7mr4wgu7o2exnmjre8"
Jahmyr Gibbs,00-0039139,2024,REG,250,1412.0,16,0.0,0.0,70.0,35.06442361974041,0,52,63,497.0,3,1.0,1.0,-11.0,573.0,25.0,14.967730785883788,0,85.72222222222221,0.11397900535623853,0.05731397396977766,302.9,354.9,17,22.0,1.0,69.0,200.0,3.55327195467422,15.2,2.874515151515152,5.648,1182.8403957736057,225.15960422639452,0.9079016299451392,0.3991935483870967,"https://static.www.nfl.com/image/upload/f_auto,q_auto/league/f5y3osxxtov5rgfv4ra5"
Jake Funk,00-0036860,2023,REG,2,10.0,0,0.0,0.0,0.0,-0.883889150689356,0,1,1,12.0,0,0.0,0.0,0.0,12.0,1.0,1.4138173322426155,0,0.0,0.02564102564102564,0.0,2.2,3.2,1,26.0,3.0,70.0,205.0,,,,,,,,,"https://static.www.nfl.com/image/upload/f_auto,q_auto/league/xkegujg1754uei9oomoz"
Jakob Johnson,00-0035726,2022,REG,0,0.0,0,0.0,0.0,0.0,0.0,0,5,6,10.0,0,0.0,0.0,7.0,7.0,0.0,-3.5758745518978685,0,9.0,0.033742769011086866,0.02483247407073845,1.0,6.0,6,29.0,5.0,75.0,255.0,,,,,,,,,"https://static.www.nfl.com/image/upload/f_auto,q_auto/league/dsggivrqnycxooysemqr"
Jaleel McLaughlin,00-0038794,2024,REG,113,496.0,1,0.0,0.0,25.0,-0.9885519364324864,0,24,27,76.0,2,1.0,1.0,-109.0,167.0,3.0,-11.26463073791448,0,-31.105483405483405,0.052463701183084466,-0.5284207387771789,73.2,97.2,16,23.0,1.0,67.0,183.0,4.361209677419355,18.58407079646018,3.076777777777777,4.389380530973451,517.5130413044636,-21.513041304463627,-0.1955731027678511,0.3909090909090909,"https://static.www.nfl.com/image/upload/f_auto,q_auto/league/ndqnhudqtipzrnzslyla"
Jamaal Williams,00-0033948,2023,REG,106,306.0,1,1.0,0.0,19.0,-26.248758762661247,0,18,20,62.0,0,0.0,0.0,-27.0,87.0,1.0,-7.395753533012436,0,7.627777777777777,0.04970704014568112,-0.12489177334807967,42.8,60.800000000000004,13,29.0,7.0,72.0,213.0,4.582712418300657,29.245283018867923,2.651135416666666,2.8867924528301887,404.5931472814769,-101.59314728147687,-0.9768571853988164,0.2884615384615384,"https://static.www.nfl.com/image/upload/f_auto,q_auto/league/yxrxpgcwq5qwp88vqnp3"
James Conner,00-0033553,2024,REG,236,1094.0,8,2.0,0.0,67.0,0.07157158606021596,2,47,55,414.0,1,2.0,1.0,-103.0,483.0,17.0,5.554130418913666,0,-56.4488566988567,0.11475862736854335,-0.5807225182146292,206.8,253.8,16,29.0,7.0,73.0,233.0,3.9015265082266906,26.27118644067797,2.877251162790696,4.635593220338983,964.2294402632656,109.77055973673453,0.4772633032031936,0.3956521739130434,"https://static.www.nfl.com/image/upload/f_auto,q_auto/league/rtvys5j7sxjrlbpy5iim"
James Cook,00-0037248,2024,REG,207,1009.0,16,1.0,0.0,48.0,10.634690047765616,0,32,38,258.0,2,0.0,0.0,37.0,260.0,14.0,12.76044623713824,0,33.692156862745094,0.07807117047961264,0.2027387140141374,234.70000000000002,266.7,16,24.0,2.0,71.0,190.0,3.434737363726461,21.73913043478261,2.612112903225807,4.874396135265701,834.6332798797879,167.3667201202121,0.8204250986284908,0.3774509803921568,"https://static.www.nfl.com/image/upload/f_auto,q_auto/league/bzdvrarxum9zate4te4b"
James Robinson,00-0035831,2022,REG,110,425.0,3,1.0,0.0,22.0,-14.688569113553967,0,11,14,51.0,2,0.0,0.0,1.0,63.0,5.0,1.595253336126916,0,13.844444444444445,0.038650510630625697,-0.06299423200612429,77.6,88.6,11,26.0,4.0,70.0,220.0,3.955882352941176,10.909090909090908,2.822336734693877,3.863636363636364,463.5110168940864,-44.51101689408642,-0.412139045315615,0.25,"https://static.www.nfl.com/image/upload/f_auto,q_auto/league/htviio8mhknq9cennrdq"
Jaret Patterson,00-0036755,2022,REG,17,78.0,0,0.0,0.0,3.0,-1.0962408188710824,0,0,1,0.0,0,0.0,0.0,4.0,0.0,0.0,-0.7909544217400253,0,0.0,0.05555555555555555,0.02531645569620253,7.800000000000001,7.800000000000001,1,24.0,3.0,68.0,195.0,3.322692307692308,29.411764705882355,2.474117647058824,4.588235294117647,77.84174592055875,-6.841745920558751,-0.4276091200349219,0.5,"https://static.www.nfl.com/image/upload/f_auto,q_auto/league/miixk3xvovldmcfrg84n"
Jase McClellan,00-0039393,2024,REG,13,32.0,0,0.0,0.0,2.0,-7.104606042150408,0,0,0,0.0,0,0.0,0.0,0.0,0.0,0.0,0.0,0,0.0,0.0,0.0,3.2,3.2,2,22.0,0.0,71.0,212.0,,,,,,,,,"https://static.www.nfl.com/image/upload/f_auto,q_auto/league/qargp7q40zcnh0tjfc1o"
Jashaun Corbin,00-0037410,2023,REG,1,1.0,0,0.0,0.0,1.0,1.8487897993181832,0,3,3,12.0,0,0.0,0.0,-1.0,13.0,1.0,2.7991792996181175,0,-12.0,0.11538461538461539,-0.006622516556291391,1.3,4.3,1,24.0,2.0,72.0,221.0,,,,,,,,,"https://static.www.nfl.com/image/private/f_auto,q_auto/league/ruppqk56fuctb78gf21p"
Javonte Williams,00-0036997,2024,REG,139,513.0,4,2.0,2.0,30.0,-23.895121423681424,0,52,70,346.0,0,0.0,0.0,-29.0,395.0,14.0,-5.536315441112963,0,-19.125213095991086,0.1276791632703354,-0.3259586593705508,105.9,157.9,17,24.0,3.0,70.0,220.0,4.0402729044834285,25.899280575539567,2.812147540983608,3.6906474820143886,589.4639945787808,-83.46399457878078,-0.6048115549187013,0.3043478260869565,"https://static.www.nfl.com/image/upload/f_auto,q_auto/league/dm8qipfrz2nes9kgpcyp"
Jaylen Warren,00-0037228,2024,REG,120,511.0,1,1.0,1.0,28.0,-14.24301524644535,0,38,47,310.0,0,1.0,0.0,-4.0,315.0,16.0,1.6996221386777375,0,27.21904761904762,0.11745066068865459,-0.05680687895214122,86.10000000000001,124.10000000000001,15,25.0,2.0,68.0,225.0,3.7287279843444217,18.33333333333333,2.7731944444444445,4.258333333333334,524.5189067045203,-13.518906704520305,-0.1126575558710025,0.375,"https://static.www.nfl.com/image/upload/f_auto,q_auto/league/aaw4yacm6azisxqy273i"
Jaylen Wright,00-0039874,2024,REG,68,249.0,0,1.0,1.0,11.0,-20.312455257982947,0,3,6,8.0,0,0.0,0.0,-6.0,8.0,1.0,-2.8675909311304895,0,0.1428571428571429,0.012912087912087913,-0.02051146300971686,23.700000000000003,26.7,13,21.0,0.0,71.0,210.0,3.483023255813954,23.07692307692308,2.632615384615385,6.615384615384615,58.93821935012328,21.061780649876724,1.914707331806975,0.4545454545454545,"https://static.www.nfl.com/image/upload/f_auto,q_auto/league/ib9s3nvt4i1i5wh11t4f"
Jeff Wilson,00-0034115,2022,REG,176,860.0,5,2.0,1.0,44.0,7.632931600141033,0,22,37,185.0,1,1.0,1.0,92.0,141.0,7.0,-8.737561003082606,0,40.58170995670996,0.0736603460414306,0.2935100998511357,136.5,158.5,16,28.0,6.0,72.0,194.0,3.527988372093024,20.454545454545457,2.7328625,4.886363636363637,789.7740065068883,69.22599349311167,0.3955771056749238,0.3485714285714286,"https://static.www.nfl.com/image/private/f_auto,q_auto/league/zorqrtlrizlltgd6pnob"
Jeremy McNichols,00-0033955,2024,REG,55,261.0,4,0.0,0.0,15.0,7.9352832524156955,1,9,12,27.0,0,0.0,0.0,20.0,33.0,1.0,-1.2831246035639197,0,6.5,0.027039745581311187,0.06537721174884195,54.800000000000004,63.800000000000004,14,28.0,7.0,69.0,205.0,,,,,,,,,"https://static.www.nfl.com/image/upload/f_auto,q_auto/league/kegqjj5pv7xidm0xwtpy"
Jermar Jefferson,00-0036670,2024,REG,6,22.0,0,0.0,0.0,1.0,-0.7850359084550291,0,1,1,10.0,0,0.0,0.0,0.0,10.0,1.0,0.488208144903183,0,0.0,0.015625,0.0,3.2,4.2,2,24.0,3.0,70.0,209.0,,,,,,,,,"https://static.www.nfl.com/image/upload/f_auto,q_auto/league/bkgrgirrdwlm05vqg74b"
Jerome Ford,00-0037267,2024,REG,104,565.0,3,0.0,0.0,25.0,5.03220676237048,0,37,43,225.0,0,0.0,0.0,-15.0,294.0,10.0,-4.887466751863961,0,-6.590662931839402,0.08601149551980003,-0.16890379102836067,97.0,134.0,14,24.0,2.0,70.0,220.0,3.401592920353982,4.807692307692308,2.940043010752688,5.432692307692308,451.3188109109661,113.68118908903392,1.103700864942077,0.3980582524271844,"https://static.www.nfl.com/image/private/f_auto,q_auto/league/djggmwo5v8osoboiseo2"
Joe Mixon,00-0033897,2024,REG,245,1016.0,11,0.0,0.0,52.0,-13.221762804294904,0,36,52,309.0,1,0.0,0.0,-27.0,360.0,12.0,3.0244838391737554,0,53.0078431372549,0.12237784554134014,-0.1076891938866308,204.5,240.5,14,28.0,7.0,73.0,220.0,4.191082677165357,26.12244897959184,2.834309523809523,4.146938775510204,914.2241629012026,88.77583709879741,0.3698993212449892,0.3833333333333333,"https://static.www.nfl.com/image/upload/f_auto,q_auto/league/gwyhozfhjgedwdmmjjcf"
Jonathan Taylor,00-0036223,2024,REG,303,1431.0,11,2.0,0.0,71.0,-21.015317083567027,0,18,31,136.0,1,1.0,0.0,-10.0,150.0,7.0,-11.736475287762005,0,-17.495238095238093,0.07448360207576797,-0.062405889103737525,228.70000000000002,246.70000000000002,14,25.0,4.0,70.0,221.0,3.3775541579315167,19.141914191419144,2.694832727272728,4.7227722772277225,1225.0321431796071,182.96785682039285,0.6119326315063306,0.3879598662207358,"https://static.www.nfl.com/image/upload/f_auto,q_auto/league/ye4runp84oku1vnodsa7"
Jonathan Ward,00-0035924,2022,REG,5,25.0,0,0.0,0.0,2.0,-0.8732554130256176,0,2,3,7.0,0,0.0,0.0,4.0,4.0,1.0,-0.6592039366951212,0,4.333333333333333,0.05019493177387914,0.014648033126293996,3.2,5.2,2,26.0,4.0,72.0,202.0,,,,,,,,,"https://static.www.nfl.com/image/upload/f_auto,q_auto/league/yct3a4xznwcxjvn4iosk"
Jonathon Brooks,00-0039344,2024,REG,9,22.0,0,0.0,0.0,0.0,-2.7779255713685416,0,3,3,23.0,0,0.0,0.0,-8.0,31.0,2.0,1.456625814549625,0,-2.875,0.024390243902439022,-0.0199501246882793,4.500000000000001,7.500000000000001,3,21.0,0.0,72.0,207.0,,,,,,,,,"https://static.www.nfl.com/image/upload/f_auto,q_auto/league/xo4zizexs7aezh1shgsv"
Jordan Mason,00-0037525,2024,REG,153,789.0,3,3.0,1.0,37.0,-5.442399821147765,0,11,14,91.0,0,0.0,0.0,52.0,59.0,5.0,4.628490873175906,0,5.771428571428571,0.04092292487326321,0.1718292141116321,104.0,115.0,12,25.0,2.0,71.0,218.0,3.560253485424588,33.33333333333333,2.830384057971014,5.15686274509804,568.3641402677316,206.6358597322684,1.377572398215123,0.4866666666666667,"https://static.www.nfl.com/image/upload/f_auto,q_auto/league/ub1ub6sxuov1f1kux1v9"
Jordan Mims,00-0038678,2024,REG,20,70.0,0,0.0,0.0,2.0,-3.176775460189674,0,12,18,71.0,0,0.0,0.0,3.0,80.0,4.0,-7.65832852014243,0,7.413398692810457,0.0855504144977829,0.029666654645737086,14.100000000000001,26.1,7,25.0,1.0,72.0,205.0,,,,,,,,,"https://static.www.nfl.com/image/upload/f_auto,q_auto/league/nvamfcrdqvkwtnpgmzdh"
Josh Jacobs,00-0035700,2024,REG,301,1329.0,15,4.0,3.0,73.0,-18.315335638095753,0,36,43,342.0,1,0.0,0.0,-41.0,403.0,15.0,3.262844723865509,0,-32.39443056943057,0.0897271075083522,-0.20320463196836908,257.1,293.1,17,26.0,5.0,70.0,220.0,3.5637923250564327,20.26578073089701,2.717201465201466,4.415282392026578,1103.1971245666357,216.8028754333643,0.7250932288741281,0.4882943143812709,"https://static.www.nfl.com/image/upload/f_auto,q_auto/league/ksdusqxnwqtnph0htcfx"
Joshua Kelley,00-0036370,2023,REG,107,405.0,2,1.0,1.0,21.0,-26.154033202018944,0,8,12,32.0,0,0.0,0.0,15.0,39.0,0.0,-5.66513554926496,0,0.05980861244019131,0.019580744053715776,0.07224810348101923,53.7,61.7,17,26.0,4.0,71.0,219.0,3.985876543209876,8.411214953271028,2.69576288659794,3.7850467289719623,426.3431410667904,-25.343141066790395,-0.2413632482551466,0.3047619047619048,"https://static.www.nfl.com/image/private/f_auto,q_auto/league/fsu6gqcltgnofaakmq6u"
Julius Chestnut,00-0037594,2024,REG,22,102.0,0,0.0,0.0,2.0,-3.3765913208696534,0,2,3,11.0,0,0.0,0.0,1.0,14.0,0.0,-4.590231376874726,0,-3.0,0.014235588972431077,0.0014574547258744738,11.3,13.3,7,23.0,2.0,71.0,215.0,,,,,,,,,"https://static.www.nfl.com/image/upload/f_auto,q_auto/league/dmy7xkb6lv63qou6qag7"
Justice Hill,00-0034975,2023,REG,84,387.0,3,0.0,0.0,18.0,0.8103901900690555,0,28,39,206.0,1,1.0,1.0,23.0,237.0,8.0,-4.725817573838867,0,13.618421052631579,0.08692776408153494,0.13248361882553286,81.30000000000001,109.30000000000001,16,26.0,5.0,70.0,200.0,5.213025523764854,6.118881118881118,3.061725,3.6202797202797203,47.638831225974016,-4.388831225974023,-0.4761979846405889,0.34667832167832163,"https://static.www.nfl.com/image/upload/f_auto,q_auto/league/jeeq17ah67zxc6vdamhk"
Kareem Hunt,00-0033923,2024,REG,200,728.0,7,0.0,0.0,42.0,2.1483876313845216,0,23,32,176.0,0,0.0,0.0,-58.0,216.0,10.0,3.0172128671776366,0,18.108333333333334,0.0671165894355504,-0.24173479399781694,132.4,155.4,13,29.0,7.0,71.0,216.0,3.8409478021978014,17.5,2.680201058201057,3.64,819.3630882358963,-112.36308823589629,-0.5732810624280422,0.3418367346938775,"https://static.www.nfl.com/image/upload/f_auto,q_auto/league/mm0t1ghvbpdhy6m5utcq"
Ke'Shawn Vaughn,00-0036450,2023,REG,24,42.0,0,0.0,0.0,0.0,-11.136832802963909,0,2,5,2.0,0,0.0,0.0,-2.0,1.0,0.0,-4.583285461587366,0,2.5,0.02902219292463195,0.00229362735653673,4.4,6.4,5,27.0,4.0,70.0,215.0,,,,,,,,,"https://static.www.nfl.com/image/private/f_auto,q_auto/league/npa1msmoqbig9cqznkti"
Keaontay Ingram,00-0037299,2023,REG,35,74.0,0,0.0,0.0,4.0,-11.316711037424264,0,4,4,26.0,0,0.0,0.0,-5.0,31.0,1.0,0.33775865577626973,0,-2.933333333333333,0.018289772049170545,-0.03441782552060989,10.000000000000002,14.000000000000002,7,24.0,2.0,72.0,215.0,4.259250000000001,0.0,2.8792222222222223,4.0,54.07878429490309,-14.078784294903087,-1.4078784294903088,0.2,"https://static.www.nfl.com/image/upload/f_auto,q_auto/league/fa4if2wnlgsmjmkcnxke"
Keaton Mitchell,00-0038454,2023,REG,47,396.0,2,0.0,0.0,19.0,17.40301456837915,0,9,11,93.0,0,0.0,0.0,-2.0,122.0,5.0,2.5917365161389103,0,19.192424242424245,0.05728889381839692,-0.02170689643438218,60.9,69.9,7,22.0,1.0,68.0,184.0,7.1515,9.090909090909092,2.715625,1.818181818181818,41.23665752882312,-21.236657528823123,-1.9306052298930112,0.0909090909090909,"https://static.www.nfl.com/image/upload/f_auto,q_auto/league/ubl4gwglxlbxzku0qta9"
Kendre Miller,00-0038551,2023,REG,41,156.0,1,0.0,0.0,10.0,-3.0978242640849203,0,10,11,117.0,0,0.0,0.0,-8.0,128.0,5.0,5.604395734902937,0,0.8666666666666663,0.05213408195283164,-0.05368767083300162,33.3,43.3,7,22.0,1.0,72.0,220.0,5.461007805750956,17.00854700854701,3.162175824175824,3.966239316239316,42.62004313257115,4.37995686742885,0.40528001768733096,0.4144522144522145,"https://static.www.nfl.com/image/upload/f_auto,q_auto/league/wyj0lpna5gbhvyfiqnis"
Kene Nwangwu,00-0036842,2022,REG,9,14.0,0,0.0,0.0,1.0,-4.240552635789836,0,2,2,21.0,0,0.0,0.0,0.0,21.0,1.0,1.0926053479779512,0,-3.666666666666666,0.022321428571428572,0.0025901025019287992,9.5,11.5,3,26.0,3.0,73.0,205.0,,,,,,,,,"https://static.www.nfl.com/image/upload/f_auto,q_auto/league/eti2uf3a3u1igqoornct"
Kenneth Gainwell,00-0036919,2024,REG,75,290.0,1,0.0,0.0,12.0,-11.499512397604214,0,16,22,116.0,0,0.0,0.0,23.0,108.0,5.0,2.349299094901653,0,4.90340909090909,0.0529161131934575,0.11519926715284394,46.6,62.6,16,25.0,3.0,69.0,191.0,4.892719356261023,30.953768453768458,2.6291186507936506,4.2118159618159625,51.479800175481834,2.6868664911848374,0.2047224144767613,0.4124764124764124,"https://static.www.nfl.com/image/upload/f_auto,q_auto/league/prer0j0tkzsdva1yrd0i"
Kenneth Walker III,00-0038134,2024,REG,153,573.0,7,1.0,0.0,28.0,-12.14276360382394,0,46,53,299.0,1,0.0,0.0,-63.0,363.0,19.0,4.8765650785128605,0,-15.668470418470418,0.13670089589309242,-0.32838764302633794,135.20000000000002,181.2,11,23.0,2.0,69.0,210.0,4.760174520069807,18.30065359477124,2.966751879699248,3.7450980392156863,583.6061020263861,-15.606102026386113,-0.1033516690489146,0.4039735099337748,"https://static.www.nfl.com/image/upload/f_auto,q_auto/league/ielqdthtspzi0ufvs4tw"
Kenny McIntosh,00-0038636,2024,REG,31,172.0,0,0.0,0.0,8.0,1.4880797801888548,0,3,4,22.0,0,0.0,0.0,5.0,17.0,1.0,-0.40405713935615495,0,9.833333333333334,0.01854458258399145,0.024884969325153373,19.4,22.4,7,24.0,1.0,72.0,210.0,,,,,,,,,"https://static.www.nfl.com/image/upload/f_auto,q_auto/league/tjntwl7kvcais3a8xw7y"
Kevin Harris,00-0037286,2022,REG,18,52.0,1,0.0,0.0,3.0,-1.9409460977767594,0,0,0,0.0,0,0.0,0.0,0.0,0.0,0.0,0.0,0,0.0,0.0,0.0,11.2,11.2,5,23.0,2.0,70.0,220.0,,,,,,,,,"https://static.www.nfl.com/image/private/f_auto,q_auto/league/jlqnwxuwbkoscvv9kz5h"
Khalil Herbert,00-0036906,2023,REG,132,611.0,2,0.0,0.0,25.0,-2.622446540255126,1,20,31,134.0,1,1.0,1.0,17.0,138.0,9.0,-16.816771678331577,0,-67.51347402597402,0.09680611105882846,0.11197318686960704,92.5,112.5,12,26.0,3.0,69.0,212.0,3.609983633387888,31.818181818181817,2.762788617886179,4.628787878787879,561.9753359065236,38.02466409347642,0.2947648379339257,0.4186046511627907,"https://static.www.nfl.com/image/upload/f_auto,q_auto/league/rz6zmdluhpsaylbvmpgr"
Khari Blasingame,00-0035099,2023,REG,8,26.0,0,0.0,0.0,0.0,-1.657577271591701,0,3,6,2.0,0,0.0,0.0,11.0,5.0,0.0,-3.4736220719642006,0,-2.0,0.028231556679832542,0.04467670765105474,2.8,5.8,7,28.0,5.0,72.0,233.0,,,,,,,,,"https://static.www.nfl.com/image/upload/f_auto,q_auto/league/beioi5h4lq0obt8yx35v"
Kimani Vidal,00-0039391,2024,REG,43,155.0,0,1.0,0.0,7.0,-8.408020302189103,0,5,9,62.0,1,0.0,0.0,48.0,37.0,2.0,1.7616465183673427,0,8.25,0.029975101631108305,0.1571367359209936,27.700000000000003,32.7,9,23.0,0.0,68.0,215.0,,,,,,,,,"https://static.www.nfl.com/image/upload/f_auto,q_auto/league/fcxbkvgjtitodz3pjequ"
Kyle Juszczyk,00-0029892,2022,REG,7,26.0,1,0.0,0.0,5.0,1.9088444688240997,0,19,23,200.0,1,0.0,0.0,63.0,149.0,9.0,6.573157199949492,0,30.35105401844532,0.05493998547608703,0.2695184580902472,34.6,53.6,13,33.0,11.0,74.0,240.0,,,,,,,,,"https://static.www.nfl.com/image/upload/f_auto,q_auto/league/mfhpygabawkeioplae7a"
Kyren Williams,00-0037840,2024,REG,316,1299.0,14,5.0,3.0,85.0,-23.520875505493482,0,34,40,182.0,2,0.0,0.0,-32.0,195.0,6.0,-2.922344909516283,0,7.169981102488842,0.07845699780701344,-0.2074159014318751,238.1,272.1,16,24.0,2.0,69.0,199.0,3.764626635873749,14.240506329113924,2.6662465277777785,4.110759493670886,1273.9414220579265,0.0585779420737253,0.0001901881236159,0.3896103896103896,"https://static.www.nfl.com/image/upload/f_auto,q_auto/league/vcvstwywz6iufk7iul3x"
La'Mical Perine,00-0036269,2023,REG,22,77.0,0,0.0,0.0,3.0,-2.3794992521381046,0,3,5,33.0,0,0.0,0.0,2.0,32.0,1.0,-0.15606704220408574,0,33.0,0.08682266009852216,0.011695906432748537,11.0,14.0,2,26.0,4.0,71.0,220.0,4.344626865671643,5.0,2.655473684210526,3.35,71.20246219056759,-5.202462190567587,-0.2738137995035572,0.2631578947368421,"https://static.www.nfl.com/image/upload/f_auto,q_auto/league/fd2pagtwrgj0hopdspal"
Malik Davis,00-0037563,2022,REG,38,161.0,1,0.0,0.0,6.0,-3.502202397179076,0,6,7,63.0,0,0.0,0.0,-7.0,65.0,5.0,6.7910221974307206,0,2.833333333333334,0.0376172607879925,-0.0451556392431545,28.400000000000002,34.4,6,25.0,2.0,70.0,207.0,3.976923076923077,0.0,3.138,3.9,33.641535178578266,5.358464821421734,0.5358464821421733,0.4,"https://static.www.nfl.com/image/upload/f_auto,q_auto/league/mdjhv8xuitxkn7oefwty"
MarShawn Lloyd,00-0039811,2024,REG,6,15.0,0,0.0,0.0,0.0,-1.805173670873046,0,1,1,3.0,0,0.0,0.0,-5.0,8.0,0.0,-0.23416664847172797,0,-0.6,0.07692307692307693,-0.06172839506172839,1.8,2.8,1,23.0,0.0,69.0,210.0,,,,,,,,,"https://static.www.nfl.com/image/upload/f_auto,q_auto/league/cikf6dm0qassteyibwlv"
Matt Breida,00-0033308,2023,REG,55,151.0,1,0.0,0.0,7.0,-13.719976917954732,0,17,21,88.0,0,1.0,0.0,1.0,89.0,2.0,-9.726522905286402,0,17.933333333333334,0.049654038690986065,0.04996131836229738,29.900000000000002,46.9,15,29.0,7.0,70.0,190.0,4.775,7.142857142857142,2.227846153846153,2.142857142857143,43.64519741308618,-14.64519741308618,-1.1265536471604751,0.3076923076923077,"https://static.www.nfl.com/image/private/f_auto,q_auto/league/rc4m1xw0xmtsrxswd0bg"
Michael Burton,00-0031595,2023,REG,7,9.0,0,0.0,0.0,4.0,-4.633036294020712,1,3,3,8.0,0,0.0,0.0,2.0,6.0,2.0,0.5167685634223744,0,2.666666666666667,0.011644345238095238,0.011147338362528236,3.7,6.7,8,32.0,9.0,71.0,240.0,,,,,,,,,"https://static.www.nfl.com/image/upload/f_auto,q_auto/league/edfaq7s9wuzedbfcarrp"
Michael Carter,00-0036924,2022,REG,114,402.0,3,1.0,1.0,14.0,-21.690917342174952,0,41,54,288.0,0,0.0,0.0,31.0,274.0,12.0,-4.484687012154609,0,-20.333026287438056,0.0974752522508476,0.091382168303007,85.0,126.0,16,25.0,3.0,68.0,200.0,4.734800995024877,14.912280701754383,2.822771428571428,3.526315789473684,456.3572150394597,-64.35721503945967,-0.5850655912678152,0.3,"https://static.www.nfl.com/image/upload/f_auto,q_auto/league/wylipaunq6cueyj8h1in"
Mike Boone,00-0034208,2022,REG,24,102.0,0,0.0,0.0,6.0,-3.6902199581488917,0,9,15,96.0,0,0.0,0.0,45.0,81.0,2.0,-7.14867603957688,0,-11.299421009098428,0.0635897859811895,0.17546633232662878,19.8,28.800000000000004,8,29.0,6.0,70.0,205.0,,,,,,,,,"https://static.www.nfl.com/image/upload/f_auto,q_auto/league/yeoyrlaf9hlvowj6fdio"
Miles Sanders,00-0035243,2023,REG,129,432.0,1,2.0,2.0,24.0,-30.545276433986146,0,27,41,154.0,0,0.0,0.0,23.0,158.0,8.0,-9.622439702835031,0,-23.07280701754386,0.07519135412555691,-0.019601863133686226,60.6,87.60000000000001,16,27.0,5.0,71.0,211.0,4.656921296296296,9.30232558139535,2.8923392857142853,3.3488372093023258,479.7205733020464,-53.72057330204643,-0.4196919789222377,0.28125,"https://static.www.nfl.com/image/upload/f_auto,q_auto/league/lvyjbie3d0ro8ohgphe0"
Myles Gaskin,00-0035311,2022,REG,10,26.0,0,0.0,0.0,2.0,-4.994772034930065,0,4,6,28.0,0,0.0,0.0,17.0,20.0,0.0,-4.269892948854249,0,3.0476190476190474,0.0912828947368421,0.06971494776372825,5.4,9.4,2,27.0,5.0,70.0,200.0,,,,,,,,,"https://static.www.nfl.com/image/upload/f_auto,q_auto/league/dn5kacxm99pb95u8dle1"
Najee Harris,00-0036893,2024,REG,263,1043.0,6,0.0,0.0,50.0,-16.964777819695882,0,36,48,283.0,0,0.0,0.0,-70.0,329.0,13.0,4.2299297556164674,0,-39.426465201465206,0.0985630628579209,-0.3640289910079051,168.60000000000002,204.6,17,26.0,3.0,73.0,230.0,4.246778523489933,26.61596958174905,2.837726141078838,3.965779467680608,1015.784518706222,-2.7845187062218884,-0.0109626720717397,0.3543307086614173,"https://static.www.nfl.com/image/upload/f_auto,q_auto/league/pdyv1dfyb1w0tmvnkp3v"
Nick Bawden,00-0034433,2023,REG,2,4.0,1,0.0,0.0,1.0,0.37360167867154814,0,3,3,21.0,0,0.0,0.0,-1.0,22.0,1.0,0.4519133604480885,0,11.666666666666666,0.014267676767676768,0.005548334954834429,8.5,11.5,5,28.0,6.0,74.0,245.0,,,,,,,,,"https://static.www.nfl.com/image/private/f_auto,q_auto/league/rz1cgqj4rvl2xjffxyia"
Nick Chubb,00-0034791,2024,REG,102,332.0,3,1.0,1.0,17.0,-20.57457828947537,0,5,11,31.0,1,0.0,0.0,-5.0,31.0,3.0,-16.317357186810113,0,2.6666666666666665,0.032927675200246295,-0.002327074913063337,58.3,63.3,8,28.0,6.0,71.0,225.0,4.584819277108436,21.568627450980397,2.7750329670329665,3.2549019607843137,352.9005582154049,-24.900558215404885,-0.2490055821540488,0.42,"https://static.www.nfl.com/image/private/f_auto,q_auto/league/a8ib0haur75wrhqrbtyo"
Nyheim Hines,00-0034367,2022,REG,24,33.0,1,0.0,0.0,2.0,-13.298094816379058,0,30,37,241.0,1,0.0,0.0,116.0,190.0,11.0,12.350093609122894,0,54.62679154179154,0.06761669498208164,0.43234976724214136,51.4,81.4,16,27.0,6.0,69.0,198.0,,,,,,,,,"https://static.www.nfl.com/image/upload/f_auto,q_auto/league/ud1q6gh3tlkiy2w90gvm"
Patrick Ricard,00-0033376,2022,REG,7,16.0,0,0.0,0.0,5.0,-3.4692104411660694,0,11,13,74.0,0,0.0,0.0,2.0,72.0,1.0,-4.760953707753415,0,13.833333333333332,0.04234541466940892,-0.0016264535501886567,9.0,20.0,12,30.0,7.0,75.0,311.0,,,,,,,,,"https://static.www.nfl.com/image/upload/f_auto,q_auto/league/dwnktpq9tu98n7ozspri"
Patrick Taylor,00-0035973,2024,REG,39,183.0,1,0.0,0.0,11.0,2.1398683296283707,0,3,11,25.0,0,0.0,0.0,39.0,19.0,2.0,-10.156941917492077,0,4.583333333333333,0.06117436117436117,0.15311989842961926,26.8,29.8,5,26.0,4.0,73.0,223.0,2.915229357798165,17.647058823529413,2.5545,6.411764705882353,77.28894838916503,30.71105161083497,1.9194407256771857,0.5,"https://static.www.nfl.com/image/upload/f_auto,q_auto/league/nd1utxii5exwfoujq5a4"
Pierre Strong,00-0038098,2023,REG,63,291.0,1,1.0,1.0,10.0,-9.930036237987224,0,5,8,47.0,0,0.0,0.0,-5.0,73.0,1.0,-2.232929656165652,0,-7.803571428571428,0.017472940181391686,-0.03716924434627959,37.800000000000004,42.800000000000004,13,25.0,2.0,71.0,205.0,4.044262664165103,15.0,3.000375,4.371428571428572,49.772052087794165,3.2279479122058348,0.17719637009524195,0.44285714285714284,"https://static.www.nfl.com/image/upload/f_auto,q_auto/league/xvsnviejqwulftgrccpb"
Rachaad White,00-0037256,2024,REG,144,613.0,3,2.0,2.0,35.0,-15.70941083794321,0,51,57,393.0,6,1.0,1.0,-109.0,516.0,18.0,11.230088003091899,0,-43.76242843178327,0.11299936864998077,-0.7036565983627344,148.6,199.6,15,25.0,2.0,72.0,210.0,3.971190864600328,22.22222222222222,2.623251968503938,4.256944444444445,564.5422395876784,48.45776041232159,0.3365122250855666,0.4027777777777778,"https://static.www.nfl.com/image/upload/f_auto,q_auto/league/przphhlw0zga7b45qlyb"
Raheem Blackshear,00-0037429,2022,REG,23,77.0,3,0.0,0.0,7.0,1.269818546163151,0,10,12,93.0,0,0.0,0.0,-22.0,105.0,3.0,0.9206660046766046,0,-50.51190476190476,0.047763169784042644,-0.17065418210726724,35.0,45.0,10,26.0,2.0,69.0,194.0,,,,,,,,,"https://static.www.nfl.com/image/upload/f_auto,q_auto/league/sv6aefajv1duatig0buu"
Raheem Mostert,00-0031687,2024,REG,85,278.0,2,2.0,2.0,13.0,-30.199422105800323,0,19,23,161.0,0,0.0,0.0,14.0,146.0,10.0,11.992758106391799,0,17.151797385620913,0.058057325260242265,0.06890680574963634,51.900000000000006,70.9,12,32.0,9.0,70.0,197.0,4.2526185770751,14.354066985645932,2.93470588235294,4.842105263157895,876.1228659482747,125.8771340517253,0.6140348002523186,0.3853658536585366,"https://static.www.nfl.com/image/upload/f_auto,q_auto/league/ayii5q2am51xeipp1h8v"
Rashaad Penny,00-0034750,2022,REG,57,346.0,2,1.0,0.0,15.0,13.144489079655614,0,4,5,16.0,0,0.0,0.0,-12.0,28.0,2.0,1.0691364296362735,0,4.525,0.0336642284918147,-0.06826038535111184,48.2,52.2,5,28.0,6.0,71.0,220.0,3.1918912301826214,20.868347338935575,2.8115696581196588,6.1988795518207285,82.18643135219186,8.813568647808147,0.5635441817191187,0.38833715304303534,"https://static.www.nfl.com/image/private/f_auto,q_auto/league/mwvzwst6cfcwifblqtsj"
Rasheen Ali,00-0039796,2024,REG,10,31.0,0,0.0,0.0,2.0,-1.156566154328175,0,0,2,0.0,0,0.0,0.0,-5.0,0.0,0.0,-0.7961300523020327,0,0.0,0.016666666666666666,-0.017985611510791366,3.1,3.1,4,23.0,0.0,71.0,209.0,,,,,,,,,"https://static.www.nfl.com/image/upload/f_auto,q_auto/league/rahywwfay2yyqupfwebh"
Ray Davis,00-0039875,2024,REG,113,442.0,3,0.0,0.0,25.0,-5.586368469577843,0,17,19,189.0,3,0.0,0.0,16.0,164.0,8.0,14.878928111167625,0,61.24801587301587,0.044217301771381334,0.07007482980932495,99.1,116.1,16,24.0,0.0,68.0,216.0,4.2361085972850665,31.858407079646017,2.8703039215686266,3.911504424778761,433.21570706848087,8.784292931519133,0.0777371055886649,0.4247787610619469,"https://static.www.nfl.com/image/upload/f_auto,q_auto/league/xm8csnleyxsop4pldyby"
Reggie Gilliam,00-0036187,2024,REG,3,7.0,0,0.0,0.0,1.0,-0.42451751659973525,0,0,0,0.0,0,0.0,0.0,0.0,0.0,0.0,0.0,0,0.0,0.0,0.0,0.7000000000000001,0.7000000000000001,2,27.0,4.0,72.0,255.0,,,,,,,,,"https://static.www.nfl.com/image/upload/f_auto,q_auto/league/qj2xzath8p7188isoxkd"
Rhamondre Stevenson,00-0036875,2024,REG,207,801.0,7,6.0,3.0,40.0,-37.85575295822521,0,33,41,168.0,1,1.0,0.0,-41.0,237.0,8.0,5.279687382501455,2,12.842093200916729,0.09121287973085865,-0.1626857666794449,142.9,175.9,15,26.0,3.0,72.0,246.0,4.009875156054931,22.70531400966184,2.844588235294117,3.869565217391304,713.6720226800512,35.327977319948786,0.1793298341114151,0.416243654822335,"https://static.www.nfl.com/image/private/f_auto,q_auto/league/ro2fqabc4qndtnxykvm7"
Rico Dowdle,00-0036139,2024,REG,235,1079.0,2,3.0,2.0,53.0,-10.528278699356006,0,39,49,249.0,3,0.0,0.0,1.0,272.0,13.0,5.262085687212929,0,11.69957264957265,0.07874546657967471,-0.055088209835577856,158.8,197.8,16,26.0,4.0,72.0,215.0,3.370917516218721,16.595744680851062,2.659842592592593,4.591489361702128,974.1942692249394,60.805730775060624,0.2666918016450027,0.4166666666666667,"https://static.www.nfl.com/image/upload/f_auto,q_auto/league/fe8ge4f6vvtyihou5czu"
Ronnie Rivers,00-0037557,2023,REG,32,129.0,0,0.0,0.0,4.0,-4.549811472872729,0,5,5,22.0,0,0.0,0.0,-19.0,41.0,0.0,-0.6381978864083067,0,-7.3,0.021077661833964357,-0.08731799775044867,15.100000000000001,20.1,7,25.0,2.0,69.0,190.0,3.4203205128205125,0.0,2.467458333333333,4.0,53.20347267883167,-3.2034726788316767,-0.23450565631125223,0.40064102564102566,"https://static.www.nfl.com/image/upload/f_auto,q_auto/league/xjumjdizgaw4gicg6gbb"
Roschon Johnson,00-0039021,2023,REG,81,352.0,2,1.0,0.0,16.0,-6.616163542861621,0,34,40,209.0,0,0.0,0.0,-33.0,247.0,6.0,-6.066275085396026,0,-39.8511544011544,0.0859537344319953,-0.16040274892246006,68.1,102.1,15,23.0,1.0,72.0,222.0,3.9254556998557,36.666666666666664,2.6472407407407412,3.1,33.10949553160679,-2.109495531606784,-0.21094955316067834,0.4666666666666666,"https://static.www.nfl.com/image/upload/f_auto,q_auto/league/skajjk8i3zdrvzqmucww"
Royce Freeman,00-0034838,2023,REG,77,319.0,2,0.0,0.0,17.0,-6.533680742758492,0,1,2,13.0,0,0.0,0.0,0.0,14.0,1.0,-0.2510662560816854,0,-13.0,0.008946144211844694,-0.002477442236478382,45.2,46.2,9,28.0,6.0,72.0,238.0,4.336955606157988,11.970668220668218,2.777393877690937,4.170037478861008,53.54522575664893,1.2881075766844052,0.07446653877075064,0.4022921522921523,"https://static.www.nfl.com/image/upload/f_auto,q_auto/league/qs4e1hiqj9xymlqk6yas"
Salvon Ahmed,00-0036020,2023,REG,22,61.0,1,0.0,0.0,3.0,-0.23326447600265965,0,16,23,88.0,1,0.0,0.0,14.0,109.0,4.0,-10.489007843163563,0,22.773809523809522,0.09513546798029557,0.06128207600090858,26.9,42.9,7,25.0,4.0,71.0,196.0,,,,,,,,,"https://static.www.nfl.com/image/private/f_auto,q_auto/league/ggkz2vamnepagqfn992j"
Samaje Perine,00-0033526,2022,REG,95,394.0,2,0.0,0.0,19.0,-2.9791898886725736,0,38,51,287.0,4,0.0,0.0,12.0,321.0,11.0,6.449811524648913,0,-22.921182983682982,0.08778656111491287,-0.0844332694492192,104.10000000000001,142.1,16,28.0,7.0,70.0,240.0,3.70814720812183,29.47368421052631,2.605460674157303,4.147368421052631,412.92233879513776,-20.92233879513776,-0.2225780722886995,0.4361702127659574,"https://static.www.nfl.com/image/upload/f_auto,q_auto/league/liorwdmj8gelxh5u7rc4"
Saquon Barkley,00-0034844,2024,REG,345,2005.0,13,2.0,1.0,82.0,34.09963718580769,3,33,43,278.0,2,0.0,0.0,98.0,245.0,12.0,12.20253446957541,0,63.15601285378816,0.11866652365691527,0.40878499509740024,322.3,355.3,16,27.0,6.0,72.0,233.0,3.0986832917705733,20.57971014492753,2.768442307692307,5.811594202898551,1442.8344487110774,549.1655512889226,1.6247501517423746,0.4408284023668639,"https://static.www.nfl.com/image/upload/f_auto,q_auto/league/ugiuanl8bf6uoya5mgid"
Scott Matlock,00-0038614,2024,REG,0,0.0,0,0.0,0.0,0.0,0.0,0,4,5,28.0,0,0.0,0.0,7.0,23.0,1.0,1.0718020538333803,0,-1.5,0.03707407407407407,0.03692277643943736,2.8,6.8,5,24.0,1.0,76.0,300.0,,,,,,,,,"https://static.www.nfl.com/image/upload/f_auto,q_auto/league/qin48hcmcufdvuvyefxz"
Sean Tucker,00-0038951,2024,REG,50,308.0,2,1.0,0.0,17.0,10.127416212595037,0,9,12,109.0,1,0.0,0.0,12.0,105.0,6.0,7.420048496831441,0,23.495238095238093,0.03082395211229773,0.019318861676500827,59.7,68.7,11,22.0,1.0,70.0,210.0,2.3388970588235294,21.428571428571427,2.6711428571428573,9.714285714285714,59.58900294764525,47.41099705235475,3.950916421029562,0.75,"https://static.www.nfl.com/image/upload/f_auto,q_auto/league/pgc1uq4p5euuc9lkaphf"
Sincere McCormick,00-0037509,2024,REG,39,183.0,0,0.0,0.0,10.0,0.4478793845628388,0,6,7,29.0,0,0.0,0.0,3.0,29.0,2.0,-0.8935149537282996,0,-2.6444444444444444,0.05084033613445378,0.004185811261468234,21.200000000000003,27.200000000000003,4,23.0,2.0,69.0,205.0,3.231420272435898,24.166666666666664,2.6603,5.266666666666667,54.325955613387684,16.674044386612316,1.1353966579251473,0.5083333333333333,"https://static.www.nfl.com/image/upload/f_auto,q_auto/league/esocauqmcswp4jolgnom"
Sione Vaki,00-0039364,2024,REG,6,14.0,0,0.0,0.0,0.0,-3.174680726719089,0,3,3,37.0,0,0.0,0.0,17.0,20.0,2.0,4.233941710204817,0,11.133333333333333,0.02034198113207547,0.05058479532163743,5.1,8.1,4,23.0,0.0,71.0,208.0,,,,,,,,,"https://static.www.nfl.com/image/upload/f_auto,q_auto/league/kpheugqezo5wlqou2mrd"
Snoop Conner,00-0037265,2022,REG,12,42.0,1,0.0,0.0,2.0,-2.0522286318591796,0,0,0,0.0,0,0.0,0.0,0.0,0.0,0.0,0.0,0,0.0,0.0,0.0,10.2,10.2,5,24.0,2.0,70.0,220.0,,,,,,,,,"https://static.www.nfl.com/image/upload/f_auto,q_auto/league/hkoa2nrn7xnco6kibhpg"
Spencer Brown,00-0036543,2022,REG,9,43.0,0,0.0,0.0,1.0,0.7901359905699912,0,2,4,10.0,0,0.0,0.0,-1.0,12.0,0.0,-2.3898130847373977,0,-1.4285714285714286,0.06388888888888888,-0.023653440674717273,5.300000000000001,7.3,2,25.0,3.0,72.0,220.0,,,,,,,,,"https://static.www.nfl.com/image/private/f_auto,q_auto/league/mmqzyzoau79or5w0izzq"
Tank Bigsby,00-0038555,2024,REG,168,766.0,7,3.0,1.0,39.0,-0.8408931505243302,0,7,12,54.0,0,0.0,0.0,-13.0,64.0,1.0,-2.849544583586976,0,-21.416666666666668,0.02677282065614443,-0.0065393139081224225,122.0,129.0,15,22.0,1.0,71.0,213.0,3.453903394255876,23.809523809523807,2.6901474358974364,4.559523809523809,637.8350714958799,124.1649285041201,0.7435025658929347,0.3892215568862275,"https://static.www.nfl.com/image/upload/f_auto,q_auto/league/vwl0kijb59dp20m3hs3u"
Terrell Jennings,00-0039757,2024,REG,13,33.0,0,0.0,0.0,0.0,-3.9844911377267747,0,0,1,0.0,0,0.0,0.0,29.0,0.0,0.0,-0.7521869335323572,0,0.0,0.017857142857142856,0.10211267605633803,3.3,3.3,2,23.0,0.0,72.0,225.0,,,,,,,,,"https://static.www.nfl.com/image/upload/f_auto,q_auto/league/yn8krjb11it7oqoogryb"
Tony Jones,00-0035860,2023,REG,26,95.0,2,0.0,0.0,7.0,1.6878569997206796,0,7,10,37.0,0,0.0,0.0,-18.0,44.0,1.0,-4.623583573488871,0,-21.384615384615383,0.06015889114266396,-0.28359450073735787,25.2,32.2,6,26.0,4.0,71.0,225.0,4.657647058823529,33.33333333333333,2.7902500000000003,2.833333333333333,43.62346921413392,-9.62346921413392,-0.8019557678444933,0.4166666666666667,"https://static.www.nfl.com/image/private/f_auto,q_auto/league/cgvll8lokulmws98olfa"
Tony Pollard,00-0035261,2024,REG,260,1079.0,5,2.0,2.0,53.0,-27.234153380667273,1,41,57,238.0,0,0.0,0.0,8.0,221.0,9.0,-14.434610426076688,0,6.7513413873708,0.12167072019399267,-0.11747079292537446,159.70000000000002,200.70000000000002,16,27.0,5.0,72.0,209.0,4.119759036144578,21.153846153846157,2.9922297872340438,4.15,1031.3699231363323,11.630076863667682,0.045787704187668,0.3818897637795275,"https://static.www.nfl.com/image/upload/f_auto,q_auto/league/koxn5qhfnsgvnqfqfmpp"
Travis Etienne,00-0036973,2024,REG,150,558.0,2,1.0,1.0,31.0,-26.5625049911323,0,39,52,254.0,0,0.0,0.0,4.0,296.0,13.0,-4.942616414753479,0,-39.51356421356421,0.11049372571271815,0.011862299421041611,91.2,130.2,15,25.0,3.0,70.0,200.0,4.2521146953405005,18.0,2.694796992481204,3.72,593.0924870325334,-41.09248703253343,-0.2776519394090096,0.304054054054054,"https://static.www.nfl.com/image/private/f_auto,q_auto/league/ne5lyv8n6elqw77yrz9w"
Travis Homer,00-0035594,2022,REG,19,74.0,0,0.0,0.0,4.0,-2.4190399509097915,0,16,18,157.0,1,1.0,1.0,31.0,129.0,7.0,-5.407553273020312,0,12.068421052631578,0.06492021920756677,0.0964027528667635,27.1,43.1,8,26.0,5.0,70.0,202.0,,,,,,,,,"https://static.www.nfl.com/image/upload/f_auto,q_auto/league/eg1e7va024emnbm55got"
Trayveon Williams,00-0035291,2023,REG,15,69.0,0,0.0,0.0,2.0,-2.0943662159261294,0,7,9,10.0,0,0.0,0.0,-28.0,35.0,0.0,-7.627276058227474,0,-1.0303030303030303,0.017324585352535664,-0.11928712500116734,7.9,14.9,14,26.0,5.0,68.0,206.0,,,,,,,,,"https://static.www.nfl.com/image/upload/f_auto,q_auto/league/kx1u2iefb1vcnkrpdt4e"
Trey Benson,00-0039921,2024,REG,63,291.0,1,1.0,0.0,16.0,-4.971010157780256,0,6,6,59.0,0,0.0,0.0,-19.0,78.0,3.0,3.1038311732700095,0,-1.841666666666667,0.020179817824130215,-0.12189124544658281,41.0,47.0,12,22.0,0.0,73.0,215.0,10.007290322580648,9.545454545454547,3.075388888888889,3.5545454545454547,43.05400283805342,-7.054002838053417,-0.5586809849332847,0.3,"https://static.www.nfl.com/image/upload/f_auto,q_auto/league/iu0gbspz3kjdqlazvtkn"
Trey Sermon,00-0036984,2024,REG,56,159.0,2,0.0,0.0,14.0,-11.241289974281335,0,16,19,99.0,0,0.0,0.0,6.0,99.0,3.0,-5.470031733851289,0,20.93560606060606,0.03865496112039891,0.011495710421772418,37.800000000000004,53.800000000000004,14,25.0,3.0,72.0,215.0,4.575957212781169,37.908496732026144,2.5919791666666665,3.529193899782135,52.859088477723645,-1.192421811056981,-0.012585975463042262,0.38278867102396513,"https://static.www.nfl.com/image/upload/f_auto,q_auto/league/freievsvipthuvrwn7uw"
Troy Hairston,00-0037456,2022,REG,0,0.0,0,0.0,0.0,0.0,0.0,0,5,8,19.0,0,0.0,0.0,8.0,10.0,0.0,-6.184825327014551,0,7.083333333333334,0.03624265585634525,0.033626520471675844,1.9000000000000001,6.9,7,25.0,2.0,71.0,245.0,,,,,,,,,"https://static.www.nfl.com/image/upload/f_auto,q_auto/league/niy18wy5q5gpnara4xyn"
Ty Chandler,00-0037276,2023,REG,102,461.0,3,0.0,0.0,20.0,0.6934660814883671,0,21,25,159.0,0,0.0,0.0,-47.0,206.0,7.0,3.944338552537374,0,-7.981349206349207,0.055477677593982526,-0.1709485881105473,80.0,101.0,13,26.0,2.0,71.0,210.0,3.738722891566265,17.0,2.906308510638297,4.15,427.57665228011314,-13.576652280113136,-0.1371379018193246,0.4141414141414141,"https://static.www.nfl.com/image/private/f_auto,q_auto/league/map979dvuonzb8a6g13b"
Ty Johnson,00-0035537,2024,REG,41,213.0,1,0.0,0.0,13.0,0.6679014434921555,0,18,25,284.0,3,0.0,0.0,204.0,170.0,14.0,23.401920958675447,0,77.20078898774551,0.050623310994800885,0.8829654931226564,73.7,91.7,17,26.0,5.0,70.0,210.0,,,,,,,,,"https://static.www.nfl.com/image/upload/f_auto,q_auto/league/zdedn4xqr2jy6mddh5pb"
Tyjae Spears,00-0039032,2024,REG,84,312.0,4,0.0,0.0,19.0,-4.827575109383909,0,30,35,224.0,1,0.0,0.0,-31.0,255.0,9.0,-1.5182532323947617,0,-26.257142857142856,0.09925817453018926,-0.1909912701566716,83.60000000000001,113.60000000000001,12,23.0,1.0,71.0,195.0,3.634415011037528,12.0,2.7257272727272723,4.53,449.2484044840853,-14.248404484085311,-0.1468907678771681,0.3298969072164948,"https://static.www.nfl.com/image/upload/f_auto,q_auto/league/qb4us1f96uox7v3poxzj"
Tyler Allgeier,00-0037263,2024,REG,137,644.0,3,0.0,0.0,43.0,4.432002475501388,1,13,13,88.0,0,0.0,0.0,-5.0,93.0,2.0,3.430491410394623,0,-12.692857142857143,0.021437442388026102,-0.02914960651618631,93.2,106.2,17,24.0,2.0,70.0,220.0,3.928354037267079,18.97810218978102,2.8092619047619043,4.700729927007299,560.0078028172909,83.9921971827091,0.6130817312606504,0.5036496350364964,"https://static.www.nfl.com/image/upload/f_auto,q_auto/league/yosaj2anmqoujqrgzecd"
Tyler Badie,00-0037085,2024,REG,11,86.0,0,0.0,0.0,4.0,2.0002876761136577,0,3,3,-2.0,0,1.0,1.0,-6.0,4.0,0.0,-5.940982915170025,0,1.5,0.03676767676767677,-0.024817832271248418,6.4,9.4,3,25.0,2.0,68.0,194.0,,,,,,,,,"https://static.www.nfl.com/image/upload/f_auto,q_auto/league/brr4ec8gkikxhqqsu1nw"
Tyler Goodson,00-0037120,2024,REG,32,153.0,1,0.0,0.0,6.0,2.6876475440640997,0,11,15,61.0,1,0.0,0.0,19.0,67.0,3.0,1.3037733280216344,0,-6.875,0.04522978017601673,0.0392814590755677,33.400000000000006,44.4,9,23.0,2.0,69.0,199.0,3.390545609548167,33.44155844155844,2.5737727272727273,4.957792207792208,46.74355117252911,13.256448827470894,1.160242593094855,0.43181818181818177,"https://static.www.nfl.com/image/upload/f_auto,q_auto/league/z4ugeazvmccxxhqjoxzv"
Tyreik McAllister,00-0037450,2024,REG,2,11.0,0,0.0,0.0,1.0,-0.016487878980115056,0,0,0,0.0,0,0.0,0.0,0.0,0.0,0.0,0.0,0,0.0,0.0,0.0,1.1,1.1,1,26.0,2.0,70.0,174.0,,,,,,,,,"https://static.www.nfl.com/image/upload/f_auto,q_auto/league/tixxelivpmdjeq2wjdo6"
Tyrion Davis-Price,00-0037827,2022,REG,34,99.0,0,0.0,0.0,5.0,-13.532761136390036,0,0,2,0.0,0,0.0,0.0,0.0,0.0,0.0,-0.9328389226575382,0,0.0,0.008695652173913044,0.0,9.9,9.9,5,23.0,2.0,73.0,223.0,5.813030303030303,42.85714285714285,2.6421,2.357142857142857,36.52774952390368,-3.52774952390368,-0.2519821088502628,0.3571428571428571,"https://static.www.nfl.com/image/upload/f_auto,q_auto/league/np2ljgazwwq6sh9015qs"
Tyrone Tracy Jr.,00-0039384,2024,REG,192,839.0,5,2.0,2.0,39.0,-20.713866294837892,0,38,53,284.0,1,2.0,0.0,18.0,281.0,13.0,-4.922650759108365,0,-48.28791208791209,0.09224869160343868,0.08724959720489549,144.3,182.3,17,24.0,0.0,71.0,210.0,3.634207389749701,17.708333333333336,2.710826815642458,4.369791666666667,832.9110965272965,-13.911096527296536,-0.0743908905203023,0.3048128342245989,"https://static.www.nfl.com/image/upload/f_auto,q_auto/league/hc2uk0xrbc6qizrerwxd"
Velus Jones Jr.,00-0037745,2022,REG,9,103.0,1,1.0,1.0,5.0,2.1287656667409465,0,7,14,107.0,1,0.0,0.0,234.0,37.0,4.0,-1.5038205300224945,0,1.5466672671290755,0.06682034372855629,1.3310521738312802,31.0,38.0,9,27.0,2.0,72.0,200.0,,,,,,,,,"https://static.www.nfl.com/image/private/f_auto,q_auto/league/gb06eaw6prinklkdkv2d"
Will Shipley,00-0039746,2024,REG,30,82.0,0,0.0,0.0,2.0,-8.365768767261237,0,4,4,35.0,0,0.0,0.0,7.0,28.0,2.0,2.299397205915909,0,5.0,0.01951219512195122,0.025925925925925925,11.700000000000001,15.7,5,22.0,0.0,71.0,210.0,4.4193750000000005,10.0,2.8106,3.2,40.292721958848354,-8.292721958848354,-0.8292721958848354,0.3,"https://static.www.nfl.com/image/upload/f_auto,q_auto/league/irh5l9dxqamsfnfjwuc7"
Zach Charbonnet,00-0039165,2024,REG,135,569.0,8,0.0,0.0,32.0,-11.281588777757774,0,42,52,308.0,1,0.0,0.0,-54.0,345.0,7.0,-7.442102621267638,0,-62.24801587301587,0.09384268590740999,-0.354304562700461,141.70000000000002,183.70000000000002,17,23.0,1.0,73.0,220.0,3.7602811950790858,21.48148148148148,2.995458333333332,4.214814814814815,478.7027627299201,73.2972372700799,0.5552821005309083,0.4015151515151515,"https://static.www.nfl.com/image/upload/f_auto,q_auto/league/eaaj5vbfmk08wvwelyqt"
Zach Evans,00-0039136,2023,REG,9,19.0,0,0.0,0.0,0.0,-5.212815568695271,0,0,0,0.0,0,0.0,0.0,0.0,0.0,0.0,0.0,0,0.0,0.0,0.0,1.9000000000000001,1.9000000000000001,4,23.0,1.0,71.0,215.0,,,,,,,,,"https://static.www.nfl.com/image/upload/f_auto,q_auto/league/i2hxbdi464do6jaxgpua"
Zack Moss,00-0036251,2023,REG,183,794.0,5,0.0,0.0,43.0,-14.03089295560622,0,27,37,192.0,2,0.0,0.0,-14.0,189.0,10.0,0.8567418099310662,1,8.457509157509158,0.07479351807851065,-0.08224623946934942,142.6,169.6,14,26.0,4.0,70.0,215.0,3.3064357682619647,14.754098360655735,2.669816568047336,4.33879781420765,662.5150028805103,129.48499711948966,0.711456028129064,0.4175824175824176,"https://static.www.nfl.com/image/upload/f_auto,q_auto/league/oxrltdgoquiabhihhgnk"
Zamir White,00-0038040,2023,REG,104,451.0,1,1.0,1.0,19.0,-17.689954509143718,0,15,19,98.0,0,0.0,0.0,4.0,94.0,4.0,0.7290253781829961,0,-12.0,0.04187937143185621,-0.004957016977816208,58.900000000000006,73.9,13,24.0,2.0,72.0,215.0,3.703725055432374,15.384615384615383,2.854360824742268,4.336538461538462,414.4838005237959,33.51619947620412,0.3253999949146031,0.4660194174757281,"https://static.www.nfl.com/image/upload/f_auto,q_auto/league/jpxuggpx567die5348be"
Zander Horvath,00-0037331,2022,REG,4,8.0,0,0.0,0.0,2.0,0.22325788540183567,0,5,8,8.0,2,0.0,0.0,6.0,1.0,2.0,-0.6216207318939269,0,1.8666666666666667,0.02505903849550534,0.019112864327607504,13.6,18.6,8,25.0,2.0,75.0,230.0,,,,,,,,,"https://static.www.nfl.com/image/upload/f_auto,q_auto/league/ukufchhtmgcrw3fwc23l"
