player_name,player_id,season,season_type,receptions,targets,receiving_yards,receiving_tds,receiving_fumbles,receiving_fumbles_lost,receiving_air_yards,receiving_yards_after_catch,receiving_first_downs,receiving_epa,receiving_2pt_conversions,racr,target_share,air_yards_share,wopr_x,fantasy_points,fantasy_points_ppr,games,age,years_exp,height,weight,ngs_avg_cushion,ngs_avg_separation,ngs_avg_intended_air_yards,ngs_percent_share_of_intended_air_yards,ngs_catch_percentage,ngs_avg_yac,ngs_avg_expected_yac,ngs_avg_yac_above_expectation,headshot_url
AJ Barner,00-0039793,2024,REG,30,38,245.0,4,0.0,0.0,136.0,164.0,18.0,11.08664151391713,0,33.639605407380344,0.08540757962899556,0.7484425220474016,2.317468937642088,48.5,78.5,14,22.0,0.0,78.0,251.0,6.447666666666667,4.098422384309206,1.104428571428572,2.329215743461216,78.57142857142857,5.440250000000001,4.077054542576878,1.3631954574231229,"https://static.www.nfl.com/image/upload/f_auto,q_auto/league/msnzbeyjoemcas9dm8vt"
Adam Trautman,00-0036422,2023,REG,22,35,204.0,3,0.0,0.0,226.0,98.0,10.0,-1.0960956305936742,0,13.192445961679708,0.07683673336959974,1.4363607185850884,2.849534103879956,38.4,60.400000000000006,16,27.0,4.0,77.0,253.0,4.991666666666667,4.4112172623821495,5.229000000000001,16.10133950487411,90.0,2.825999999999999,4.12831647915868,-1.3023164791586805,"https://static.www.nfl.com/image/upload/f_auto,q_auto/league/qvqigum2qjhil0z3er2c"
Albert Okwuegbunam,00-0036423,2022,REG,10,18,95.0,1,0.0,0.0,99.0,59.0,4.0,-2.2868509975230915,0,7.171732522796352,0.08645117273968365,0.48108071441333433,1.1148170547464868,15.5,25.5,6,26.0,4.0,77.0,255.0,4.538499999999999,3.1577500997180925,4.799999999999999,18.611877753555753,66.66666666666667,5.341333333333334,5.131348687437382,0.2099846458959524,"https://static.www.nfl.com/image/upload/f_auto,q_auto/league/noqvtfo4wlwq8lybmprg"
Andrew Ogletree,00-0037292,2023,REG,9,21,147.0,2,0.0,0.0,209.0,30.0,8.0,9.111151941033313,0,6.0884283884283885,0.06861380964397652,0.8474810853496113,1.6224439044043757,26.7,35.7,10,26.0,2.0,77.0,250.0,,,,,,,,,"https://static.www.nfl.com/image/upload/f_auto,q_auto/league/xrp8dougs6jb0denyorz"
Anthony Firkser,00-0033455,2022,REG,9,13,100.0,0,0.0,0.0,108.0,20.0,5.0,2.5137516588961253,0,7.872465254044202,0.0614012252249731,0.44060123583384747,1.0452355677833705,10.0,19.0,8,29.0,7.0,74.0,246.0,,,,,,,,,"https://static.www.nfl.com/image/upload/f_auto,q_auto/league/rpbs9wsnuhu9tgipzwuv"
Armani Rogers,00-0037168,2022,REG,5,6,64.0,0,0.0,0.0,13.0,57.0,4.0,3.6208556117489934,0,4.933333333333334,0.03696138211382114,0.07829269536829218,0.3320152526114631,9.0,14.000000000000002,5,26.0,2.0,77.0,227.0,,,,,,,,,"https://static.www.nfl.com/image/upload/f_auto,q_auto/league/g6lmbmhaju4jkhkcbk8u"
Austin Hooper,00-0032392,2024,REG,45,59,476.0,3,2.0,1.0,386.0,225.0,25.0,12.704732686969777,0,27.01440775174646,0.12186068529224038,1.835270424444419,4.392136772063223,63.6,108.60000000000001,17,29.0,8.0,76.0,254.0,5.450243902439025,3.5035941726597155,6.7923728813559325,10.780036153134349,76.27118644067797,4.923555555555555,3.6574960510963175,1.266059504459237,"https://static.www.nfl.com/image/upload/f_auto,q_auto/league/hj0ybtjspne3t1cso961"
Baylor Cupp,00-0039316,2024,REG,0,1,0.0,0,0.0,0.0,0.0,0.0,0.0,-0.6781798339216039,0,0.0,0.027777777777777776,0.0,0.041666666666666664,0.0,0.0,1,24.0,0.0,78.0,260.0,,,,,,,,,"https://static.www.nfl.com/image/upload/f_auto,q_auto/league/pcvvfurbbzefkwnojcid"
Ben Sims,00-0038809,2023,REG,4,6,21.0,1,0.0,0.0,30.0,18.0,3.0,2.0139265662874095,0,4.0,0.030804510501518615,0.12562730052815976,0.36517970488337936,8.1,12.1,6,24.0,1.0,77.0,258.0,,,,,,,,,"https://static.www.nfl.com/image/upload/f_auto,q_auto/league/mfl9febpyc8nk2abxcf2"
Ben Sinnott,00-0039912,2024,REG,5,5,28.0,1,0.0,0.0,9.0,19.0,2.0,1.4494866821332835,0,6.833333333333334,0.0495557441992077,0.056469680374390124,0.3368632414573193,8.8,13.8,4,22.0,0.0,76.0,245.0,,,,,,,,,"https://static.www.nfl.com/image/upload/f_auto,q_auto/league/zwjmu9wyutlpkace9ukf"
Blake Whiteheart,00-0038710,2024,REG,6,9,51.0,1,0.0,0.0,81.0,10.0,2.0,-3.7565755097894,0,5.111111111111111,0.03716668113852937,0.316019534961109,0.6114638264273347,11.1,17.1,7,24.0,1.0,76.0,243.0,,,,,,,,,"https://static.www.nfl.com/image/upload/f_auto,q_auto/league/kwsgfizrabfarbea4dbd"
Brayden Willis,00-0038643,2024,REG,0,2,0.0,0,0.0,0.0,11.0,0.0,0.0,-1.4461409822688438,0,0.0,0.047619047619047616,0.03283582089552239,0.09441364605543709,0.0,0.0,1,24.0,1.0,76.0,235.0,,,,,,,,,"https://static.www.nfl.com/image/upload/f_auto,q_auto/league/pz1nzzfellquco7nk65e"
Brenden Bates,00-0039458,2024,REG,0,1,0.0,0,0.0,0.0,-2.0,0.0,0.0,-0.801100357901305,0,0.0,0.030303030303030304,-0.007936507936507936,0.0398989898989899,0.0,0.0,1,24.0,0.0,77.0,251.0,,,,,,,,,"https://static.www.nfl.com/image/upload/f_auto,q_auto/league/is7mhxk2h5ibwzuf8gws"
Brenton Strange,00-0038935,2024,REG,40,53,411.0,2,1.0,1.0,341.0,183.0,21.0,18.947213858897367,0,16.883951571039088,0.11432826895904193,1.2202608204577343,3.2550762224602945,51.1,91.1,14,23.0,1.0,76.0,247.0,6.4737777777777765,3.035487511098057,6.484150943396225,7.944169359722969,75.47169811320755,4.91875,3.7774282304012416,1.1413217695987583,"https://static.www.nfl.com/image/private/f_auto,q_auto/league/trfk78mrfsafnbatyx2x"
Brevin Jordan,00-0036556,2022,REG,14,28,128.0,0,0.0,0.0,205.0,78.0,7.0,-13.691265246454163,0,11.389664502164502,0.09312607626783871,0.7900761089871706,1.8102553059068422,12.8,26.8,9,24.0,3.0,75.0,245.0,7.075333333333333,4.776970696890797,4.167333333333334,7.228358851966376,60.0,9.480833333333333,8.250157654789398,1.2306756785439348,"https://static.www.nfl.com/image/upload/f_auto,q_auto/league/sw6kge0me7ei8opbvfjq"
Brevyn Spann-Ford,00-0039530,2024,REG,9,14,88.0,0,0.0,0.0,82.0,53.0,6.0,1.3320561994914897,0,6.075757575757576,0.05707031799511474,0.2986065802013567,0.7226574680969824,8.8,17.8,6,24.0,0.0,79.0,270.0,8.36,5.600225848408806,4.239999999999998,6.654738362055435,80.0,8.880000000000003,9.436400665133531,-0.5564006651335305,"https://static.www.nfl.com/image/upload/f_auto,q_auto/league/bn9b4pb8om6w3escvitt"
Brock Bowers,00-0039338,2024,REG,112,153,1194.0,5,0.0,0.0,923.0,596.0,61.0,27.10558140553514,0,23.526103310715165,0.25536178097860057,3.9416350248810357,9.27086993237104,150.70000000000002,262.7,17,21.0,0.0,76.0,230.0,6.482903225806451,3.515527475627348,6.004901960784314,22.407388889837357,73.20261437908496,5.440357142857143,4.457379927637281,0.9829772152198616,"https://static.www.nfl.com/image/upload/f_auto,q_auto/league/mjy86xh8munoiur4hejf"
Brock Wright,00-0036754,2022,REG,18,24,216.0,4,0.0,0.0,72.0,165.0,13.0,16.81010570997023,0,38.63194444444444,0.06085072595519033,0.3360827017485377,1.4218470473501879,45.6,63.6,13,25.0,3.0,77.0,255.0,4.3025,4.655979975150499,4.718000000000001,13.927264139803992,80.0,4.317499999999999,4.254858168990609,0.0626418310093903,"https://static.www.nfl.com/image/upload/f_auto,q_auto/league/irowew9hgqaa9vcd8fri"
C.J. Uzomah,00-0032134,2022,REG,21,27,232.0,2,0.0,0.0,196.0,105.0,10.0,11.249330801598262,0,17.4934188328809,0.07446486774332044,0.6194004970597637,1.773947967321602,35.2,56.2,12,31.0,9.0,78.0,260.0,3.904285714285714,3.522300899468749,6.917714285714286,11.837684976922196,41.42857142857142,1.990833333333331,4.48151630348021,-2.490682970146879,"https://static.www.nfl.com/image/private/f_auto,q_auto/league/hnkflpl5pzbfbdvtcv1c"
Cade Otton,00-0038129,2024,REG,59,87,600.0,4,2.0,1.0,471.0,311.0,31.0,12.532692278894636,0,20.22186164596879,0.1843707811423417,2.217789512025847,5.424239062407269,81.60000000000001,140.6,14,25.0,2.0,77.0,250.0,5.818611111111112,2.928544036218334,5.045977011494253,11.46181180174982,67.81609195402298,5.593898305084746,4.044148107115804,1.549750197968942,"https://static.www.nfl.com/image/upload/f_auto,q_auto/league/mljam77kst1wlqd5y91v"
Cade Stover,00-0039359,2024,REG,15,22,133.0,1,0.0,0.0,118.0,94.0,5.0,4.6233361817430705,0,14.788571428571428,0.05383060313323054,0.45132171812010125,1.3656219637820664,19.3,34.3,13,24.0,0.0,76.0,251.0,,,,,,,,,"https://static.www.nfl.com/image/upload/f_auto,q_auto/league/ehruudekjzjney5dircm"
Cam Grandy,00-0039631,2024,REG,5,5,28.0,0,0.0,0.0,12.0,16.0,1.0,2.778743164963089,0,11.333333333333332,0.029452167340366098,0.05363289734316834,0.2142560321824144,2.8000000000000003,7.800000000000001,4,24.0,0.0,77.0,260.0,,,,,,,,,"https://static.www.nfl.com/image/upload/f_auto,q_auto/league/uay5dmniqx1baal3q3uu"
Charlie Kolar,00-0038046,2024,REG,9,11,131.0,1,0.0,0.0,66.0,76.0,4.0,8.18753102075425,0,39.872727272727275,0.054302379881929166,0.24239068937651018,0.7398484713238134,19.3,28.3,7,25.0,2.0,78.0,255.0,8.158,2.1473312846107047,8.049999999999999,13.38803115558389,66.66666666666666,5.3675000000000015,4.428237882947883,0.9392621170521184,"https://static.www.nfl.com/image/upload/f_auto,q_auto/league/n7duzqver13movvgcint"
Charlie Woerner,00-0036429,2024,REG,7,12,46.0,0,0.0,0.0,35.0,21.0,3.0,-5.707397807738744,0,8.716666666666667,0.06200439455945749,0.19492455004746143,0.8804999197467128,4.6000000000000005,11.6,8,26.0,4.0,77.0,245.0,,,,,,,,,"https://static.www.nfl.com/image/upload/f_auto,q_auto/league/hllqdtlyjbs2gbdgn6lj"
Chig Okonkwo,00-0037809,2024,REG,52,70,479.0,2,2.0,1.0,415.0,249.0,20.0,-8.388308787032997,1,43.08570471295846,0.14104935279637257,1.7612312938181631,4.618046372785655,61.6,113.60000000000001,16,24.0,2.0,75.0,250.0,6.797199999999999,4.060949185072255,5.784571428571427,9.838375788440418,74.28571428571429,5.187115384615385,4.179482266654735,1.0076331179606504,"https://static.www.nfl.com/image/upload/f_auto,q_auto/league/ut2gqeq2lowknrro0wlu"
Chris Manhertz,00-0031484,2022,REG,6,8,42.0,0,0.0,0.0,21.0,35.0,2.0,-0.6929761746432632,0,24.375,0.04128752723205497,0.06701145356284424,0.41849576258248566,4.2,10.2,6,32.0,9.0,78.0,255.0,,,,,,,,,"https://static.www.nfl.com/image/upload/f_auto,q_auto/league/edzj1uojuh7octginx1e"
Chris Myarick,00-0035345,2022,REG,7,8,65.0,1,0.0,0.0,23.0,38.0,5.0,7.242674909415655,0,11.55,0.044551493695792685,0.08991309022519026,0.5307298469634564,12.5,19.5,7,28.0,5.0,77.0,255.0,,,,,,,,,"https://static.www.nfl.com/image/upload/f_auto,q_auto/league/zyedrh1lvylrutfof4ld"
Colby Parkinson,00-0036244,2024,REG,30,49,294.0,1,0.0,0.0,263.0,160.0,15.0,3.1986356199332215,0,24.50055640988961,0.10359723881761236,1.0701017535429866,3.080009100876369,35.4,65.4,15,25.0,4.0,79.0,251.0,6.8171875,3.7235658411046417,5.731836734693878,6.884633486292506,61.224489795918366,5.593666666666666,6.165020361064037,-0.5713536943973709,"https://static.www.nfl.com/image/upload/f_auto,q_auto/league/crjyx8tutyzn8bomqbdc"
Cole Fotheringham,00-0037506,2023,REG,1,1,6.0,0,0.0,0.0,1.0,5.0,0.0,0.21242226101458073,0,6.0,0.05263157894736842,0.006535947712418301,0.08352253181974544,0.6000000000000001,1.6,1,26.0,2.0,76.0,243.0,,,,,,,,,"https://static.www.nfl.com/image/upload/f_auto,q_auto/league/stshlkkfc995vk5tuhtd"
Cole Kmet,00-0036290,2024,REG,47,55,474.0,4,0.0,0.0,393.0,181.0,25.0,27.909952066424175,1,18.02022751751317,0.11758720414589188,1.5743818638721694,3.571398591774248,73.4,120.4,14,25.0,4.0,78.0,258.0,6.967142857142857,3.901410308037418,6.730545454545455,8.89402516025487,85.45454545454545,4.427659574468086,4.730171090071509,-0.302511515603423,"https://static.www.nfl.com/image/upload/f_auto,q_auto/league/fdxpctcmwjupassg9g9d"
Cole Turner,00-0037078,2023,REG,11,15,120.0,0,0.0,0.0,102.0,50.0,4.0,-0.005128661555817482,0,7.1525234025234035,0.06885614747466386,0.4506477253245546,1.0384429562111586,12.0,23.0,7,24.0,2.0,78.0,240.0,4.963333333333334,1.8692761737696224,9.128571428571426,28.707489105530342,57.14285714285714,1.2200000000000042,2.28304135585438,-1.0630413558543754,"https://static.www.nfl.com/image/upload/f_auto,q_auto/league/etikvhuu6qxktyrwthid"
Connor Heyward,00-0037304,2023,REG,23,34,167.0,0,0.0,0.0,175.0,94.0,8.0,-4.1593338871937515,0,14.086666666666666,0.1046739447757597,0.681092664847582,2.2038849541933425,16.700000000000003,39.7,11,25.0,2.0,72.0,230.0,3.333333333333333,2.603653319806348,3.890000000000001,5.665461077262908,83.33333333333334,2.1199999999999988,2.672977426266107,-0.552977426266108,"https://static.www.nfl.com/image/upload/f_auto,q_auto/league/b9bnasge2v2dtctdtqnf"
Dallas Goedert,00-0034351,2024,REG,42,52,496.0,2,2.0,0.0,343.0,257.0,20.0,19.366237246305353,0,10.478170252474355,0.19282225945724812,1.724581425889736,4.0995408899815375,61.599999999999994,103.6,10,29.0,6.0,77.0,256.0,5.931219512195123,3.199622072109197,6.778846153846154,10.558697371258775,80.76923076923077,6.272142857142859,4.911097571996165,1.3610452851466937,"https://static.www.nfl.com/image/upload/f_auto,q_auto/league/wfj54vhw1zxwwb3vdi61"
Dallin Holker,00-0039613,2024,REG,3,4,21.0,0,0.0,0.0,36.0,13.0,1.0,-0.9445894827367738,0,0.2972972972972973,0.05459057071960298,0.10973739338620381,0.24058788752915158,2.1,5.1,2,24.0,0.0,75.0,235.0,,,,,,,,,"https://static.www.nfl.com/image/upload/f_auto,q_auto/league/sps8av7spro1015lpwn1"
Dalton Kincaid,00-0038933,2024,REG,44,75,448.0,2,1.0,0.0,573.0,274.0,23.0,14.806048939535463,0,18.79612347969491,0.20194748474358667,2.3793693328498886,5.603534485494862,56.800000000000004,100.8,13,24.0,1.0,76.0,240.0,5.673571428571429,3.536217491037853,7.976666666666667,14.693746223713358,58.66666666666666,6.442272727272727,5.520305920242468,0.9219668070302588,"https://static.www.nfl.com/image/upload/f_auto,q_auto/league/rsimqxdfwlb1n9qd4w3g"
Dalton Schultz,00-0034383,2024,REG,53,85,532.0,2,0.0,0.0,684.0,214.0,26.0,3.325906318572656,0,15.099442536645642,0.1546164213654282,2.643637075082471,5.793264697376148,65.2,118.2,17,28.0,6.0,77.0,242.0,6.9270689655172415,3.1690435838639157,7.599882352941177,14.299691644290773,62.35294117647059,4.218490566037736,3.909316113409573,0.3091744526281625,"https://static.www.nfl.com/image/upload/f_auto,q_auto/league/ooatvpu1knzypdmjljo9"
Daniel Bellinger,00-0038115,2022,REG,30,35,268.0,2,1.0,1.0,140.0,144.0,14.0,9.696765491651604,1,31.750103405366563,0.12020340057487643,0.9114544517228415,2.62137422569145,45.0,75.0,11,23.0,2.0,78.0,255.0,6.9467,4.533402077895845,3.265485714285714,7.029292384052542,86.28571428571429,5.3805,4.761757853202441,0.6187421467975585,"https://static.www.nfl.com/image/upload/f_auto,q_auto/league/f9xmqszyicfahxrcqevp"
Darnell Washington,00-0038558,2024,REG,19,25,200.0,1,0.0,0.0,108.0,126.0,9.0,8.605247256637085,0,24.67202380952381,0.0713459317221859,0.49601376244594597,1.7384553022947873,26.0,45.0,13,23.0,1.0,79.0,265.0,,,,,,,,,"https://static.www.nfl.com/image/upload/f_auto,q_auto/league/i6bxioxqzrc9hepszyjf"
Darren Waller,00-0031610,2023,REG,52,74,552.0,1,0.0,0.0,592.0,211.0,25.0,15.290661887388168,0,12.219974144267056,0.2059936025153369,3.6149005533984058,6.238315232654948,61.2,113.2,12,31.0,9.0,78.0,255.0,6.261833333333333,2.943662681780704,7.649459459459459,15.920910152020134,70.27027027027027,4.318461538461539,4.538782680184086,-0.2203211417225477,"https://static.www.nfl.com/image/private/f_auto,q_auto/league/qqzht46a66zbi9xyylf4"
David Martin-Robinson,00-0039648,2024,REG,1,2,6.0,0,0.0,0.0,0.0,6.0,1.0,0.2691091754240915,0,0.0,0.030776515151515152,0.0,0.09232954545454546,0.6000000000000001,1.6,2,24.0,0.0,75.0,255.0,,,,,,,,,"https://static.www.nfl.com/image/upload/f_auto,q_auto/league/ijqnto6waarhbqizteg0"
David Njoku,00-0033885,2024,REG,64,97,505.0,5,0.0,0.0,510.0,251.0,23.0,-7.312480269892635,2,14.424476848492935,0.22724589415976257,1.6464704178563823,4.90208654613555,84.5,148.5,11,28.0,7.0,76.0,246.0,6.390454545454546,3.0998921291358306,5.297835051546391,10.431349464111724,65.97938144329896,4.214843749999999,3.415874500640829,0.7989692493591702,"https://static.www.nfl.com/image/private/f_auto,q_auto/league/ilvxwdllivrvwbuj69cm"
David Wells,00-0034575,2023,REG,2,2,-10.0,0,1.0,0.0,0.0,-10.0,1.0,-1.7841486409306526,0,0.0,0.0625,0.0,0.09375,-1.0,1.0,1,29.0,6.0,77.0,255.0,,,,,,,,,"https://static.www.nfl.com/image/upload/f_auto,q_auto/league/ft7ynz8n2ehrduolhihy"
Davis Allen,00-0039074,2024,REG,6,13,39.0,0,0.0,0.0,50.0,21.0,2.0,-3.993656551681507,0,2.388157894736842,0.05266230229465523,0.19753435471404776,0.6122347689517305,3.9000000000000004,9.9,6,23.0,1.0,78.0,250.0,4.165,4.762494583425205,2.5148333333333346,4.080361289552082,81.66666666666667,6.907249999999999,7.279607701890915,-0.3723577018909161,"https://static.www.nfl.com/image/upload/f_auto,q_auto/league/ihbec16pwn2ki5woyr4m"
Dawson Knox,00-0035689,2024,REG,22,33,311.0,1,0.0,0.0,316.0,94.0,12.0,10.105993749399204,0,12.856926354629563,0.07904474198197638,1.5084240492511731,2.715836416097325,37.1,59.1,14,27.0,5.0,76.0,254.0,5.477450980392156,4.266771244856868,7.915538461538463,9.944451316623631,73.84615384615385,4.446458333333333,4.068264058281577,0.3781942750517562,"https://static.www.nfl.com/image/upload/f_auto,q_auto/league/uazfj5l5vzow2oyfa1s6"
Devin Culp,00-0039754,2024,REG,5,6,88.0,0,0.0,0.0,73.0,31.0,4.0,7.8495431828378335,0,2.6052173913043477,0.09475806451612903,0.2839403591377002,0.48303244494477726,8.8,13.799999999999999,2,24.0,0.0,76.0,237.0,,,,,,,,,"https://static.www.nfl.com/image/upload/f_auto,q_auto/league/enm1dlbdrxtiwev6pjvi"
Donald Parham,00-0035329,2023,REG,27,41,285.0,4,0.0,0.0,306.0,126.0,22.0,18.289647645852007,0,16.153978608239253,0.08656690591983342,1.07478475175157,2.440403991662851,52.5,79.5,13,27.0,5.0,80.0,237.0,6.378166666666667,3.2349823431342792,7.030416666666667,13.914846230908953,77.5,5.2513749999999995,4.036610337279676,1.2147646627203235,"https://static.www.nfl.com/image/upload/f_auto,q_auto/league/v4ryz7edi35hnbogbqjt"
Drew Sample,00-0035631,2023,REG,22,27,163.0,2,0.0,0.0,29.0,173.0,9.0,0.49605048436135624,0,5.757777777777778,0.05734019669691378,-0.006474595462346355,1.199611913811547,28.3,50.3,14,28.0,5.0,77.0,259.0,,,,,,,,,"https://static.www.nfl.com/image/upload/f_auto,q_auto/league/xufsbdqfujdqnrnozhg4"
Durham Smythe,00-0034798,2023,REG,35,43,366.0,0,0.0,0.0,284.0,139.0,22.0,21.987229189360228,0,19.192350218211974,0.0995043236266516,1.1221567358051248,2.7258440257832937,36.6,71.60000000000001,13,29.0,6.0,78.0,260.0,5.043333333333334,3.2320722429371904,6.747809523809525,12.129061906591398,67.6190476190476,5.701777777777775,5.273831564761799,0.4279462130159774,"https://static.www.nfl.com/image/upload/f_auto,q_auto/league/twxkgrnpjotgyhwawfsv"
E.J. Jenkins,00-0038498,2024,REG,1,2,7.0,1,0.0,0.0,9.0,3.0,1.0,0.7996061170706525,0,1.75,0.039972899728997285,0.04228734228734229,0.14951983878813147,6.7,7.7,2,25.0,1.0,78.0,243.0,,,,,,,,,"https://static.www.nfl.com/image/upload/f_auto,q_auto/league/utbs1f78kfxb51b6asit"
Elijah Higgins,00-0039041,2024,REG,20,24,172.0,2,0.0,0.0,108.0,90.0,10.0,9.530997933354229,0,27.48095238095238,0.05994207928646538,0.5792740345923101,1.66427548923039,29.200000000000003,49.2,14,23.0,1.0,75.0,234.0,,,,,,,,,"https://static.www.nfl.com/image/upload/f_auto,q_auto/league/sodpdh4uhbhzjxbnmao1"
Eric Saubert,00-0033576,2022,REG,15,24,148.0,1,0.0,0.0,202.0,75.0,6.0,-2.877889098607665,0,11.297301996249365,0.06521265446381874,0.8689751126464358,1.6842913775055144,20.8,35.8,11,30.0,7.0,77.0,253.0,5.2683333333333335,2.99392077983894,5.005428571428572,8.871103861381243,75.71428571428572,2.597,2.143021479823085,0.4539785201769151,"https://static.www.nfl.com/image/upload/f_auto,q_auto/league/pxcadtlbynaz2qbffpei"
Eric Tomlinson,00-0031690,2022,REG,9,13,79.0,2,0.0,0.0,59.0,44.0,5.0,7.262342727277428,0,12.583333333333332,0.04892476327015241,0.24543984102153096,0.7589050479569006,19.900000000000002,28.9,8,32.0,9.0,78.0,263.0,,,,,,,,,"https://static.www.nfl.com/image/upload/f_auto,q_auto/league/i2n4shhc4sprxbsbhfcy"
Erick All,00-0039814,2024,REG,20,22,158.0,0,0.0,0.0,72.0,87.0,8.0,5.248246454517357,0,22.134920634920636,0.08615458252732786,0.31939363996794473,1.2574305383054956,15.8,35.800000000000004,8,23.0,0.0,77.0,255.0,,,,,,,,,"https://static.www.nfl.com/image/upload/f_auto,q_auto/league/ifkhcxze7lnxkpzjvsmk"
Evan Engram,00-0033881,2024,REG,47,64,365.0,1,1.0,1.0,360.0,150.0,17.0,-0.04276347453713836,1,11.606411933985349,0.2546087440824283,1.4673705250490614,4.464377412647125,42.5,89.5,9,29.0,7.0,75.0,240.0,6.620408163265306,3.6461084474646026,5.362968749999999,7.934229323568977,73.4375,3.6397872340425534,4.357243371045069,-0.7174561370025145,"https://static.www.nfl.com/image/upload/f_auto,q_auto/league/sea0atk2feif4n75dvq8"
Feleipe Franks,00-0036825,2024,REG,1,3,12.0,0,0.0,0.0,49.0,0.0,1.0,-2.8756259352667257,0,1.0,0.025987224157955863,0.14487637986852991,0.21835597461877232,1.2000000000000002,2.2,3,26.0,3.0,78.0,245.0,,,,,,,,,"https://static.www.nfl.com/image/upload/f_auto,q_auto/league/ylaifrye1yyefjfqknma"
Foster Moreau,00-0034981,2024,REG,32,43,413.0,5,0.0,0.0,397.0,158.0,21.0,19.917017050887303,0,17.58069551513704,0.0955157615471752,1.6906101634065054,3.332531749195996,71.3,103.3,15,27.0,5.0,76.0,250.0,5.423636363636363,3.360530478906824,7.806666666666668,8.07369670969472,61.11111111111112,7.594242424242425,6.301088845351908,1.293153578890517,"https://static.www.nfl.com/image/upload/f_auto,q_auto/league/hfcik9okcbwsbhgoaljy"
Geoff Swaim,00-0032141,2022,REG,12,16,58.0,1,0.0,0.0,34.0,43.0,4.0,-1.8323340706701856,0,12.333333333333332,0.05322495821364683,0.17207836410393618,0.998666665397928,11.8,23.8,11,30.0,9.0,76.0,260.0,,,,,,,,,"https://static.www.nfl.com/image/upload/f_auto,q_auto/league/kecuhwgbqvlqt6gb0dz6"
George Kittle,00-0033288,2024,REG,78,94,1106.0,8,0.0,0.0,800.0,522.0,50.0,67.94492774419525,0,22.368920179307267,0.20740292737996072,3.0741067036124052,6.818440558577799,158.6,236.60000000000002,15,30.0,7.0,76.0,250.0,5.541052631578947,3.582076421664701,8.309893617021277,17.75642511945517,82.97872340425532,7.087435897435898,4.976562647659094,2.1108732497768044,"https://static.www.nfl.com/image/upload/f_auto,q_auto/league/ivkrikewqqdllzvano8h"
Gerald Everett,00-0033895,2023,REG,51,70,411.0,3,3.0,0.0,282.0,275.0,25.0,7.632986672921106,0,23.918703607379985,0.13180196273429948,1.0322437083401026,3.68811475735981,60.1,111.10000000000001,15,30.0,7.0,75.0,240.0,5.935892857142855,3.984096198460132,3.962857142857143,5.887334166700271,72.85714285714285,5.588431372549021,4.945532954593304,0.6428984179557169,"https://static.www.nfl.com/image/upload/f_auto,q_auto/league/aayw74rhaupmfnnikzak"
Giovanni Ricci,00-0035956,2022,REG,8,9,100.0,0,0.0,0.0,55.0,52.0,3.0,3.742291119184125,0,10.576114081996435,0.05391029470330546,0.2104176008587773,0.6324849729308932,10.0,18.0,6,27.0,4.0,75.0,240.0,,,,,,,,,"https://static.www.nfl.com/image/private/f_auto,q_auto/league/ojul5dmnha0y7xygwwn2"
Grant Calcaterra,00-0037086,2024,REG,24,30,298.0,1,0.0,0.0,220.0,126.0,15.0,15.894599471706897,0,18.15351966873706,0.09901934918577597,1.128004596485504,2.720480526662484,35.800000000000004,59.800000000000004,13,25.0,2.0,76.0,221.0,7.333333333333333,5.457032692616938,1.542000000000001,3.5867138072199505,100.0,4.457999999999999,4.217731623528562,0.2402683764714375,"https://static.www.nfl.com/image/upload/f_auto,q_auto/league/vxl0kathuej280k01d2r"
Greg Dulcich,00-0037252,2022,REG,33,55,411.0,2,0.0,0.0,624.0,155.0,18.0,0.46830821826852365,0,9.516945770286284,0.1766409310593647,2.2568375612642164,4.2294002587754225,53.1,86.10000000000001,10,24.0,2.0,76.0,250.0,6.51595744680851,3.483711278838321,11.462909090909092,13.373495253751926,60.0,4.905454545454545,4.580110213625909,0.325344331828636,"https://static.www.nfl.com/image/upload/f_auto,q_auto/league/tt3eyuomt5onokrqstsl"
Harrison Bryant,00-0036232,2022,REG,31,42,239.0,1,0.0,0.0,238.0,113.0,12.0,3.8258764024459397,0,16.82794908285895,0.09960238582612532,0.9862581986933192,2.782030841433955,30.700000000000003,61.7,14,26.0,4.0,77.0,240.0,5.662266666666666,3.1802758662356565,6.1635238095238085,11.92374385665357,70.0952380952381,5.374200000000001,5.80268397380943,-0.4284839738094279,"https://static.www.nfl.com/image/upload/f_auto,q_auto/league/jjarmcwkadvr7tynkpuj"
Hayden Hurst,00-0034830,2023,REG,18,32,184.0,1,0.0,0.0,242.0,67.0,7.0,-3.7817815153393894,0,7.253798482432654,0.103742920561057,1.1030723224379413,2.172680053280828,24.400000000000002,42.400000000000006,9,31.0,6.0,76.0,245.0,6.008000000000001,3.8615629861692935,5.036029411764705,8.016433161276732,76.47058823529412,3.824423076923077,3.927740375853842,-0.1033172989307646,"https://static.www.nfl.com/image/upload/f_auto,q_auto/league/qxvkvmi2fphxjqyb21nv"
Hunter Henry,00-0033090,2024,REG,66,97,674.0,2,0.0,0.0,682.0,268.0,40.0,24.198654983008804,0,17.54724316269301,0.20363373622869757,3.136533101540821,7.082782840567316,79.4,145.4,16,29.0,8.0,77.0,250.0,5.940972222222222,2.7885421982741536,7.335051546391751,19.139103488347068,68.04123711340206,4.320606060606061,4.66084795034651,-0.3402418897404491,"https://static.www.nfl.com/image/private/f_auto,q_auto/league/sdjob9akppefyo7py5tj"
Hunter Long,00-0037004,2024,REG,7,9,60.0,0,0.0,0.0,31.0,30.0,2.0,2.2595970721449703,0,11.514285714285714,0.042407849934338784,0.13547978677099334,0.5401182750502527,12.0,19.0,7,26.0,3.0,77.0,253.0,,,,,,,,,"https://static.www.nfl.com/image/upload/f_auto,q_auto/league/zfovepcmlr4bkmm96wgp"
Ian Thomas,00-0034365,2022,REG,21,30,197.0,0,0.0,0.0,69.0,182.0,8.0,4.008337110019056,0,23.321834415584412,0.0905583465173306,0.11299308852364723,1.8449829190545,19.700000000000003,40.7,13,28.0,6.0,76.0,260.0,,,,,,,,,"https://static.www.nfl.com/image/upload/f_auto,q_auto/league/qrcffo16hdkcvxuvjppy"
Irv Smith,00-0034970,2022,REG,25,36,182.0,2,1.0,0.0,164.0,91.0,9.0,-4.330919062018104,0,8.079242191500256,0.12657328904808743,0.6759544389124099,1.992047575815736,30.200000000000003,55.2,8,26.0,5.0,74.0,240.0,6.3105416666666665,4.272195803596212,4.460958333333332,12.003446835050685,58.95833333333333,5.031500000000002,4.411190000089899,0.6203099999101027,"https://static.www.nfl.com/image/private/f_auto,q_auto/league/gvnnqr5kj0rtte3iw9mp"
Isaiah Likely,00-0037838,2024,REG,42,58,477.0,6,1.0,1.0,467.0,256.0,26.0,27.70649973336768,0,62.80896073771333,0.13319418136690164,1.9492971383901934,4.361377077628422,81.7,123.7,15,24.0,2.0,76.0,240.0,6.714897959183672,4.317954919105887,8.482586206896553,11.874981897525515,72.41379310344827,6.4019047619047615,5.081919856154866,1.3199849057498954,"https://static.www.nfl.com/image/upload/f_auto,q_auto/league/xmikfnklnpjmzjhbjrur"
Ja'Tavion Sanders,00-0039356,2024,REG,33,43,342.0,1,1.0,0.0,268.0,190.0,13.0,11.650561878045883,0,31.280091721458163,0.1030362658807554,1.4212619300239935,3.3131993333337917,40.2,73.2,15,21.0,0.0,76.0,243.0,6.677766666666666,4.712051501060864,5.573771428571431,21.191197519126156,74.28571428571429,7.223399999999998,6.297982136778828,0.9254178632211716,"https://static.www.nfl.com/image/upload/f_auto,q_auto/league/egisbinbqmttmub4po1g"
Jack Stoll,00-0036741,2022,REG,11,14,123.0,0,0.0,0.0,90.0,49.0,5.0,7.91232904131175,0,17.486015325670497,0.05239779928328294,0.35060252766459404,0.9527920596895355,12.3,23.3,9,26.0,3.0,76.0,260.0,,,,,,,,,"https://static.www.nfl.com/image/upload/f_auto,q_auto/league/yfzlbe9pmziykcmgaoj3"
Jaheim Bell,00-0039420,2024,REG,2,3,20.0,0,0.0,0.0,23.0,5.0,1.0,-0.005124380171764642,0,1.1176470588235294,0.029460779460779463,0.0889021839726065,0.1948050363543321,2.0,4.0,3,23.0,0.0,74.0,239.0,,,,,,,,,"https://static.www.nfl.com/image/upload/f_auto,q_auto/league/psbwq5bse6vv9bpzqssr"
Jake Ferguson,00-0038041,2024,REG,59,86,494.0,0,4.0,2.0,360.0,309.0,18.0,-12.711065217071749,0,20.573224709978362,0.1737511880793369,1.3201006976369423,4.572845438011934,45.400000000000006,104.4,14,25.0,2.0,77.0,250.0,5.921940298507463,3.330169320865389,3.9606976744186047,7.351040113258938,68.6046511627907,5.509322033898305,5.13630164398741,0.373020389910895,"https://static.www.nfl.com/image/upload/f_auto,q_auto/league/lbvrn1ibwszd6tzgh6o1"
Jake Tonges,00-0037112,2022,REG,0,1,0.0,0,0.0,0.0,13.0,0.0,0.0,-0.568823910318315,0,0.0,0.0625,0.09090909090909091,0.15738636363636363,0.0,0.0,1,25.0,2.0,76.0,240.0,,,,,,,,,"https://static.www.nfl.com/image/upload/f_auto,q_auto/league/xycthaitippe2sdsbrep"
James Mitchell,00-0037282,2022,REG,11,11,113.0,1,0.0,0.0,51.0,62.0,7.0,10.009731887665112,0,16.363636363636363,0.043506702651992815,0.2681403583452756,0.7097786826656066,17.3,28.3,8,25.0,2.0,76.0,255.0,,,,,,,,,"https://static.www.nfl.com/image/upload/f_auto,q_auto/league/dyvnmhl4xyjius0frjnu"
Jared Wiley,00-0039824,2024,REG,1,1,7.0,0,0.0,0.0,4.0,3.0,0.0,-0.145088373683393,0,1.75,0.043478260869565216,0.045454545454545456,0.09703557312252964,0.7000000000000001,1.7000000000000002,1,23.0,0.0,78.0,260.0,,,,,,,,,"https://static.www.nfl.com/image/upload/f_auto,q_auto/league/f9bhzz8fogzta1qkg9ms"
Jelani Woods,00-0037755,2022,REG,25,40,312.0,3,1.0,0.0,398.0,120.0,16.0,5.269305532675413,0,14.960280602966773,0.1017120063960835,1.8531274664465607,3.128005341642096,49.2,74.2,12,25.0,2.0,79.0,265.0,5.35975,3.4517014654472353,11.576888888888888,33.67361837794771,74.44444444444444,4.5322916666666675,4.432305637810094,0.09998602885657348,"https://static.www.nfl.com/image/upload/f_auto,q_auto/league/udzeofu27m5un9zfqhn1"
Jeremy Ruckert,00-0037805,2024,REG,18,28,105.0,0,0.0,0.0,96.0,84.0,6.0,-1.5691975609755673,0,23.805591467356173,0.06694511781053497,0.4021857743463184,1.5869598393478548,10.5,28.5,13,24.0,2.0,77.0,250.0,,,,,,,,,"https://static.www.nfl.com/image/private/f_auto,q_auto/league/w6bf97vbqitoyo5o7xaa"
Jesper Horsted,00-0035562,2022,REG,3,4,19.0,0,0.0,0.0,26.0,6.0,0.0,0.026683711330406368,0,1.4615384615384615,0.06837606837606837,0.0836483443845407,0.2636820461973836,1.9000000000000001,4.9,2,27.0,5.0,75.0,237.0,,,,,,,,,"https://static.www.nfl.com/image/private/f_auto,q_auto/league/mqbodeysdvvvuhkctewa"
John Bates,00-0036628,2023,REG,19,28,151.0,0,0.0,0.0,175.0,65.0,6.0,-5.566456084954552,0,14.482317682317682,0.0571794252022809,0.7866790348815197,1.7514432536649627,15.100000000000001,34.1,14,26.0,3.0,78.0,256.0,6.0441666666666665,5.381635430410525,3.7274444444444446,9.549742081828493,62.22222222222222,3.823333333333333,4.211857535646998,-0.38852420231366547,"https://static.www.nfl.com/image/upload/f_auto,q_auto/league/edpnkleev10rpzfgjakv"
John FitzPatrick,00-0037306,2023,REG,1,1,12.0,0,0.0,0.0,2.0,10.0,1.0,0.7121124425902963,0,6.0,0.029411764705882353,0.00975609756097561,0.05094691535150645,1.2000000000000002,2.2,1,24.0,2.0,79.0,250.0,,,,,,,,,"https://static.www.nfl.com/image/upload/f_auto,q_auto/league/k7m700qda76lqtt7zj8e"
John Shenker,00-0038920,2024,REG,1,1,7.0,0,0.0,0.0,4.0,3.0,0.0,0.3741023358888924,0,1.75,0.037037037037037035,0.029197080291970802,0.07599351175993511,0.7000000000000001,1.7000000000000002,1,25.0,1.0,76.0,249.0,,,,,,,,,"https://static.www.nfl.com/image/private/f_auto,q_auto/league/gx0qdhwr7pdetd83ifcw"
Johnny Mundt,00-0033246,2024,REG,19,27,142.0,2,0.0,0.0,115.0,83.0,8.0,4.871185683919329,0,35.85142679900744,0.0779363033377431,0.49092508290055353,1.8634054731163778,26.2,45.2,13,29.0,7.0,76.0,232.0,6.012166666666666,4.70879770308635,3.6421428571428565,7.212857120192382,73.4920634920635,3.6841666666666684,3.5067109736317907,0.1774556930348775,"https://static.www.nfl.com/image/upload/f_auto,q_auto/league/ievumbznrtys9b2esphz"
Jonnu Smith,00-0033858,2024,REG,88,111,884.0,8,2.0,1.0,542.0,510.0,55.0,59.70916966191411,0,50.55942344112465,0.19332587261920434,2.5140843973791736,6.689668829955132,134.3,222.3,17,29.0,7.0,75.0,248.0,6.332222222222224,3.4855723527641125,4.730636363636363,14.782104781735498,79.27927927927928,6.060795454545453,5.227865295607764,0.8329301589376898,"https://static.www.nfl.com/image/upload/f_auto,q_auto/league/p8uldtljkzb6sile3wgx"
Jordan Akins,00-0034364,2024,REG,40,58,390.0,2,1.0,0.0,339.0,187.0,20.0,10.99355982258735,0,15.877984767170814,0.09920275306452113,1.1799370120580668,3.2068219819891537,51.0,91.0,16,32.0,6.0,76.0,243.0,4.822972972972974,4.018240006615709,5.989655172413793,7.0518025332900285,68.96551724137932,4.93525,4.52178476127864,0.4134652387213595,"https://static.www.nfl.com/image/private/f_auto,q_auto/league/fgkl9zfpy2yxrkxfge84"
Jordan Matthews,00-0031299,2024,REG,0,1,0.0,0,0.0,0.0,16.0,0.0,0.0,-0.5819352744147182,0,0.0,0.034482758620689655,0.045454545454545456,0.0835423197492163,0.0,0.0,1,32.0,10.0,75.0,215.0,,,,,,,,,"https://static.www.nfl.com/image/upload/f_auto,q_auto/league/b9rddikwsnwmfh9girgn"
Joseph Fortson,00-0035547,2022,REG,9,13,108.0,2,0.0,0.0,88.0,40.0,6.0,8.230364134476986,0,11.402930402930403,0.042813914213480776,0.3339754565143996,0.8117706614420702,22.8,31.8,9,28.0,5.0,76.0,230.0,,,,,,,,,"https://static.www.nfl.com/image/private/f_auto,q_auto/league/gxhstzqswbn4z05r9rqv"
Josh Oliver,00-0035249,2023,REG,22,28,213.0,2,1.0,1.0,72.0,162.0,12.0,4.226230739208404,0,24.889920424403183,0.06240909712080986,0.26376018664152145,1.3079958788236425,31.3,53.300000000000004,12,27.0,5.0,77.0,250.0,4.724722222222222,3.9635992478991824,10.227222222222222,18.17629993983716,77.77777777777777,5.862166666666667,5.004571601155043,0.8575950655116239,"https://static.www.nfl.com/image/private/f_auto,q_auto/league/pwd3muzyjclgjlwwtdah"
Josh Whyle,00-0038589,2024,REG,28,37,248.0,1,0.0,0.0,209.0,143.0,14.0,7.964634692963651,1,47.55602632661456,0.08622770654536313,0.803340232996249,2.3731200005499997,32.8,60.800000000000004,14,24.0,1.0,79.0,250.0,6.3187500000000005,4.104279117086985,6.904428571428572,13.204898482583143,72.85714285714286,2.3221249999999998,3.5565549277678543,-1.234429927767854,"https://static.www.nfl.com/image/upload/f_auto,q_auto/league/ccstvnbjzprcpb2j9xnb"
Josiah Deguara,00-0036332,2022,REG,13,15,114.0,0,0.0,0.0,49.0,63.0,4.0,3.4746857234858908,0,18.1031746031746,0.04666617789349187,0.1539404714384183,0.7377517315690331,11.400000000000002,24.400000000000002,9,27.0,4.0,74.0,240.0,4.8525,4.035066981277302,5.801999999999998,6.771550617399219,100.0,2.398000000000002,3.321494321223909,-0.9234943212239072,"https://static.www.nfl.com/image/upload/f_auto,q_auto/league/ppvzbuhwwaus50k2xyr2"
Julian Hill,00-0038720,2024,REG,12,19,100.0,0,1.0,0.0,120.0,58.0,5.0,4.2549151660641655,0,14.9008658008658,0.05078376102789425,0.5584510585465757,1.228847797942858,10.0,22.0,11,24.0,1.0,76.0,250.0,,,,,,,,,"https://static.www.nfl.com/image/upload/f_auto,q_auto/league/ycrsps9cgsfkyppucwrr"
Juwan Johnson,00-0036040,2024,REG,50,66,548.0,3,2.0,0.0,547.0,212.0,27.0,18.764570713421563,0,19.025279908004944,0.1359815289521542,2.154249699481575,4.567559191060572,72.80000000000001,122.80000000000001,15,27.0,4.0,76.0,231.0,5.994561403508771,3.3959521574149885,8.281363636363636,12.86340647159469,75.75757575757575,4.527600000000001,4.144848498062634,0.382751501937367,"https://static.www.nfl.com/image/upload/f_auto,q_auto/league/pdsl9w3agc9uvjqpq1jy"
Kenny Yeboah,00-0036510,2024,REG,5,8,47.0,1,0.0,0.0,37.0,34.0,3.0,2.718543706985656,0,18.53846153846154,0.040250716484726494,0.22485163877315287,0.5196525955037454,10.7,15.7,6,25.0,3.0,76.0,240.0,,,,,,,,,"https://static.www.nfl.com/image/upload/f_auto,q_auto/league/zjdw9hyw3jc7pmjf5nbv"
Kevin Rader,00-0034193,2023,REG,1,3,6.0,0,0.0,0.0,32.0,4.0,0.0,-1.121324737323448,0,3.0,0.05846153846153847,0.20873205741626794,0.3214970555760029,0.6000000000000001,1.6,2,29.0,6.0,76.0,250.0,,,,,,,,,"https://static.www.nfl.com/image/private/f_auto,q_auto/league/buopatfei7mdyxxxi9bv"
Ko Kieft,00-0037311,2022,REG,7,10,80.0,1,0.0,0.0,57.0,31.0,5.0,4.617778497631662,0,11.3875,0.025650000318771127,0.17728651448469285,0.4319005639645385,14.0,21.0,8,26.0,2.0,77.0,265.0,,,,,,,,,"https://static.www.nfl.com/image/upload/f_auto,q_auto/league/e4waf9pysxdyyhtpmgwp"
Kyle Pitts,00-0036970,2024,REG,47,74,602.0,4,0.0,0.0,623.0,272.0,21.0,6.943506225681472,0,24.653639513866743,0.13905010663994358,2.551406814166145,5.331762489234863,84.2,131.2,17,23.0,3.0,78.0,250.0,5.98140350877193,3.476140248329832,8.608243243243242,14.22259235609061,63.51351351351351,6.008723404255319,4.780962478066971,1.2277609261883482,"https://static.www.nfl.com/image/upload/f_auto,q_auto/league/t8ymqyhvv8i1r80jyhy2"
Kylen Granson,00-0036876,2024,REG,14,31,182.0,0,0.0,0.0,352.0,109.0,8.0,-8.418040324115788,0,12.14903381642512,0.07487843204614973,1.0933967269420906,2.3378247818286075,18.2,32.2,14,26.0,3.0,75.0,235.0,6.391794871794872,3.503700410756128,8.0102,9.73953178461217,60.0,4.546666666666668,4.640754739754702,-0.0940880730880344,"https://static.www.nfl.com/image/upload/f_auto,q_auto/league/rydvwc7sqwucvx14s8b4"
Lawrence Cager,00-0036145,2022,REG,13,19,118.0,1,0.0,0.0,110.0,78.0,8.0,-4.270745262387209,0,2.2142857142857144,0.09576206582783377,0.40780840816826425,1.1473244781682888,17.8,30.8,6,27.0,4.0,77.0,220.0,5.7425,3.929150181011695,4.218999999999999,18.208890807078117,80.0,5.465,5.067715804779482,0.3972841952205179,"https://static.www.nfl.com/image/upload/f_auto,q_auto/league/mnmmtwj9ibrttndyhpjo"
Logan Thomas,00-0031260,2023,REG,55,78,496.0,4,2.0,2.0,471.0,229.0,21.0,-5.891877230034597,1,15.558189818944028,0.1313668371858027,1.89738512322075,4.48097367871379,71.8,126.8,16,33.0,10.0,78.0,250.0,6.41725806451613,3.2774368740565443,6.296666666666667,11.02738772559286,70.51282051282051,4.364545454545455,3.9465727722914017,0.4179726822540535,"https://static.www.nfl.com/image/private/f_auto,q_auto/league/acm0ymhqdzqxdibwjphv"
Lucas Krull,00-0037539,2024,REG,19,23,152.0,0,0.0,0.0,118.0,67.0,7.0,4.494407331047114,0,17.023580586080584,0.07462800541281016,0.5630930099025884,1.5135851881239644,15.200000000000001,34.2,10,26.0,2.0,78.0,260.0,5.865,3.5916989374789408,5.348000000000001,8.196168582375481,80.0,5.324999999999999,5.423207213531498,-0.0982072135314986,"https://static.www.nfl.com/image/upload/f_auto,q_auto/league/v3rdtydz7dh4s5oyzejs"
Luke Farrell,00-0036887,2024,REG,12,17,67.0,0,0.0,0.0,82.0,30.0,4.0,-4.639005192555487,0,7.921593818368011,0.055138402298032275,0.2864381413670221,1.0275827334273995,6.7,18.7,10,26.0,3.0,77.0,258.0,7.646666666666666,3.1891899672694093,4.839999999999998,7.636719366341628,60.0,14.716666666666669,10.767667726100775,3.9489989405658914,"https://static.www.nfl.com/image/upload/f_auto,q_auto/league/f2z7wpmx7ngtxcqqedla"
Luke Musgrave,00-0039144,2023,REG,34,46,352.0,1,0.0,0.0,344.0,169.0,14.0,12.029787327513112,0,13.869963491904969,0.12849896179790712,1.1660876329322365,2.936494212718033,41.2,75.2,11,23.0,1.0,78.0,252.0,5.604285714285714,4.323183076949761,7.099782608695652,6.782198778917638,73.91304347826086,5.332058823529412,5.280687320491923,0.0513715030374886,"https://static.www.nfl.com/image/upload/f_auto,q_auto/league/mn9nugrtq8kb8sysrvne"
Luke Schoonmaker,00-0038547,2024,REG,27,36,241.0,1,0.0,0.0,199.0,97.0,11.0,9.405915061652195,0,15.603710967158895,0.09018817816334027,0.6838722121409064,1.8315332209487385,30.1,57.1,10,25.0,1.0,77.0,250.0,5.965555555555555,2.775669909039726,4.945777777777778,13.010862993418113,81.11111111111111,3.217111111111112,2.9511348490389495,0.26597626207216196,"https://static.www.nfl.com/image/upload/f_auto,q_auto/league/fd4exg1hqzlm9sk6ruu6"
Marcedes Lewis,00-0024243,2022,REG,6,7,66.0,2,0.0,0.0,58.0,14.0,5.0,6.967597299488261,1,5.423809523809524,0.03749196709723025,0.19698294496552232,0.4753157653509379,20.6,26.6,6,40.0,18.0,78.0,267.0,,,,,,,,,"https://static.www.nfl.com/image/private/f_auto,q_auto/league/ppq07tipygpftz5csipx"
Mark Andrews,00-0034753,2024,REG,55,69,673.0,11,0.0,0.0,731.0,188.0,39.0,50.098964800592256,0,17.987759824296184,0.1496205442590676,3.0634046423144348,5.959707128226328,133.8,188.8,17,28.0,6.0,77.0,255.0,5.042407407407406,3.5691250016462197,10.451159420289857,17.40564990297074,79.71014492753623,3.865818181818182,3.721480015449569,0.1443381663686129,"https://static.www.nfl.com/image/upload/f_auto,q_auto/league/y5maejm3puruskwc344y"
Michael Mayer,00-0039066,2024,REG,21,32,156.0,0,0.0,0.0,197.0,61.0,8.0,-0.014009829477826585,0,9.581925774345256,0.08140536831393609,0.7608177544130055,1.8757610052690492,15.600000000000001,36.6,11,23.0,1.0,76.0,265.0,6.105822222222222,3.859490401727514,5.369711111111112,12.986623984065677,76.22222222222223,4.8728952380952375,3.7861785732996758,1.086716664795562,"https://static.www.nfl.com/image/upload/f_auto,q_auto/league/rmc4igjgu5za2va8rfe1"
Mike Gesicki,00-0034829,2024,REG,65,83,665.0,2,1.0,1.0,615.0,245.0,38.0,33.76757545628534,0,13.696999317610276,0.13174583460301087,2.3259237680878777,4.790046668133775,76.5,141.5,16,28.0,6.0,78.0,252.0,5.392876712328767,3.025519586693949,7.579518072289155,13.452627122087245,78.3132530120482,3.847384615384615,4.445951153664023,-0.5985665382794076,"https://static.www.nfl.com/image/upload/f_auto,q_auto/league/zabpknonv9ozmkyw4qqt"
Miller Forristall,00-0036692,2022,REG,0,1,0.0,0,0.0,0.0,5.0,0.0,0.0,-0.5086181706283242,0,0.0,0.03225806451612903,0.024875621890547265,0.06580003209757664,0.0,0.0,1,26.0,3.0,77.0,244.0,,,,,,,,,"https://static.www.nfl.com/image/upload/f_auto,q_auto/league/fewy6chb5ajeb0bgb1ou"
Mitchell Wilcox,00-0035771,2022,REG,17,18,139.0,1,0.0,0.0,81.0,74.0,6.0,9.272113411920145,0,17.70175438596491,0.05128645355520061,0.32454373517821006,0.9195477376199552,19.9,36.9,9,27.0,4.0,76.0,245.0,6.17,4.956591616562213,2.4716666666666653,4.353314154875827,100.0,3.361666666666668,2.975891564683252,0.3857751019834161,"https://static.www.nfl.com/image/private/f_auto,q_auto/league/cxh2vsypwniukuheewu0"
Mo Alie-Cox,00-0033217,2022,REG,19,28,189.0,3,1.0,1.0,151.0,99.0,9.0,-1.585438021593057,0,19.182975589225588,0.061547438803126645,0.6808051746780924,1.7690598371403243,34.9,53.9,14,30.0,7.0,77.0,267.0,5.532,4.199063930125623,5.261666666666667,12.635581348809286,100.0,8.905,4.32623654340163,4.578763456598369,"https://static.www.nfl.com/image/upload/f_auto,q_auto/league/f4orwwthvtcyd3vfqjvs"
MyCole Pruitt,00-0031585,2022,REG,16,21,150.0,4,0.0,0.0,118.0,75.0,10.0,8.150616070022807,0,16.34781446175308,0.08578259216132214,0.5807592330727535,1.6932703455707596,39.0,55.0,10,32.0,9.0,74.0,243.0,3.2400000000000007,3.454908494572741,8.504,12.80877214122183,60.0,3.2166666666666672,4.448448964988832,-1.231782298322165,"https://static.www.nfl.com/image/upload/f_auto,q_auto/league/jazo8egu5luwyxxcpjh8"
N'Keal Harry,00-0035624,2022,REG,7,9,116.0,1,0.0,0.0,153.0,16.0,4.0,8.584231152955908,0,5.746103896103896,0.06304654551031362,0.6379487256156668,1.0139830175237894,17.6,24.6,6,26.0,5.0,76.0,225.0,,,,,,,,,"https://static.www.nfl.com/image/upload/f_auto,q_auto/league/yl0nlprrudo2o0awymq3"
Nate Adkins,00-0038783,2024,REG,14,15,115.0,3,0.0,0.0,62.0,76.0,6.0,9.080914985155687,0,23.391666666666666,0.03979071492670947,0.28752914243530875,0.9175032683854866,29.5,43.5,12,25.0,1.0,75.0,252.0,,,,,,,,,"https://static.www.nfl.com/image/upload/f_auto,q_auto/league/zbvo4oy4twbharwpmsqv"
Nick Muse,00-0037317,2023,REG,1,1,22.0,0,0.0,0.0,12.0,10.0,1.0,1.3513400424271822,0,1.8333333333333333,0.023255813953488372,0.029925187032418952,0.05583135185292582,2.2,3.2,1,25.0,2.0,77.0,250.0,,,,,,,,,"https://static.www.nfl.com/image/upload/f_auto,q_auto/league/hajfiwgmzhnkh4k2mcgh"
Nick Vannett,00-0032394,2024,REG,17,20,135.0,3,0.0,0.0,22.0,110.0,7.0,1.8264569420716725,0,8.5125,0.05338288321751988,0.082097432282072,1.0183601005128082,31.5,48.5,12,31.0,8.0,78.0,261.0,,,,,,,,,"https://static.www.nfl.com/image/upload/f_auto,q_auto/league/srrlkx2mydsb8gfco6fp"
Noah Fant,00-0035644,2024,REG,48,64,500.0,1,0.0,0.0,339.0,277.0,25.0,6.513732459180895,0,15.919625507860802,0.14544788954243795,1.4116502623069724,4.042560864006077,56.0,104.0,14,26.0,5.0,76.0,249.0,6.00156862745098,4.19132658173661,5.5390625,8.695950802259722,75.0,6.071041666666667,5.399806882688419,0.6712347839782478,"https://static.www.nfl.com/image/private/f_auto,q_auto/league/w1gqasldrg3jumzdqjvy"
Noah Gray,00-0036637,2024,REG,40,49,437.0,5,0.0,0.0,309.0,210.0,25.0,23.17624328713282,0,18.791622678878056,0.09210020715810445,1.3032638177706002,3.122689644233927,73.3,113.3,16,25.0,3.0,75.0,240.0,5.862972972972973,4.391295873453188,6.380816326530613,8.680876583622778,81.63265306122449,5.41075,5.279109225054759,0.1316407749452413,"https://static.www.nfl.com/image/upload/f_auto,q_auto/league/erihh0eiq4m76k2ejvax"
Parker Hesse,00-0035572,2022,REG,9,11,89.0,0,0.0,0.0,65.0,36.0,6.0,8.567913934180979,0,10.885712163653341,0.04760098424076918,0.29790111800615476,0.8511440698546924,8.9,17.9,9,29.0,5.0,75.0,261.0,,,,,,,,,"https://static.www.nfl.com/image/upload/f_auto,q_auto/league/roaaw3cph7q6cxdco70k"
Pat Freiermuth,00-0036894,2024,REG,65,78,653.0,7,3.0,2.0,477.0,279.0,32.0,35.90123255502623,0,27.45430286427594,0.16949382612508948,2.397727606769749,6.000501890928605,103.3,168.3,17,25.0,3.0,77.0,258.0,6.8486206896551725,3.5037504967012545,6.089102564102563,13.423643927917334,83.33333333333334,4.493999999999998,3.580802403947976,0.9131975960520222,"https://static.www.nfl.com/image/upload/f_auto,q_auto/league/sozfjyy3bmntjv8tmqah"
Payne Durham,00-0039050,2024,REG,11,14,115.0,2,1.0,0.0,124.0,24.0,5.0,10.39665140165016,0,7.742511472674176,0.077128032008002,0.4472310482677584,0.8915219738474458,23.5,34.5,5,24.0,1.0,77.0,255.0,6.53,4.672575211656269,6.107142857142857,10.444151275285838,71.42857142857143,1.873999999999998,1.9199063721270024,-0.0459063721270041,"https://static.www.nfl.com/image/upload/f_auto,q_auto/league/vrdqb2si9rpshhy51liq"
Peyton Hendershot,00-0037569,2022,REG,11,16,103.0,2,0.0,0.0,109.0,47.0,8.0,-3.1800049560843036,0,3.9607843137254903,0.0562047105949545,0.37293400768915685,1.0198173984142955,28.5,39.5,9,25.0,2.0,76.0,245.0,8.697999999999999,1.5092758708760354,10.577999999999998,16.743700139293406,40.0,-0.1899999999999977,0.3164240665522584,-0.5064240665522561,"https://static.www.nfl.com/image/upload/f_auto,q_auto/league/d8plvjsvwdadr1ap93ci"
Pharaoh Brown,00-0033439,2022,REG,12,20,117.0,0,0.0,0.0,128.0,83.0,6.0,-2.4887456162299766,0,5.159851551956815,0.08338466274221222,0.3937782066901722,1.1511837034763488,11.700000000000001,23.7,7,30.0,7.0,77.0,258.0,6.206,3.9196666229190145,3.4530000000000007,5.724536466767104,50.0,4.419166666666664,4.53349319155176,-0.11432652488509598,"https://static.www.nfl.com/image/upload/f_auto,q_auto/league/ab0kbxsmasznlccuezcq"
Quintin Morris,00-0036590,2022,REG,8,11,84.0,1,1.0,1.0,77.0,38.0,6.0,-0.15583897282772474,0,7.877450980392156,0.0468310356081254,0.2012123588505221,0.5623279716684939,12.400000000000002,20.4,6,25.0,3.0,74.0,251.0,9.33,5.058011012969016,8.146,9.33339444075254,60.0,9.606666666666667,9.575847228531984,0.0308194381346833,"https://static.www.nfl.com/image/upload/f_auto,q_auto/league/ftrqrbuqecl9yhcqrcmw"
Robert Tonyan,00-0033757,2022,REG,53,67,470.0,2,0.0,0.0,390.0,230.0,19.0,3.8618942636649485,0,17.744087221238008,0.11972569513851801,1.4250793873910612,4.050560797205952,59.0,112.0,17,30.0,7.0,77.0,237.0,6.54962962962963,4.390483411144725,6.053731343283582,9.401663834886756,79.1044776119403,4.73622641509434,5.6669186943808425,-0.9306922792865028,"https://static.www.nfl.com/image/upload/f_auto,q_auto/league/y6enyobsifpchm2yhq9c"
Rod Williams,00-0037451,2023,REG,0,2,0.0,0,0.0,0.0,8.0,0.0,0.0,-0.6810534338583238,0,0.0,0.05,0.022408963585434174,0.09068627450980393,0.0,0.0,1,24.0,2.0,76.0,235.0,,,,,,,,,"https://static.www.nfl.com/image/upload/f_auto,q_auto/league/wdqerph3lu151tifksgo"
Ross Dwelley,00-0034073,2022,REG,3,5,105.0,1,0.0,0.0,69.0,43.0,3.0,8.342849017702974,0,4.708333333333334,0.049262820512820514,0.3647635865413212,0.5509114336558479,16.5,19.5,4,29.0,6.0,77.0,240.0,,,,,,,,,"https://static.www.nfl.com/image/upload/f_auto,q_auto/league/ukd8ctqgskd8q5psumou"
Sam LaPorta,00-0039065,2024,REG,60,83,726.0,7,0.0,0.0,580.0,343.0,39.0,31.423356847606563,0,37.59713838059109,0.1751535609843533,2.8457503284296504,6.195710693525235,114.60000000000001,174.6,16,23.0,1.0,75.0,249.0,5.966349206349206,3.529115012054821,7.344939759036144,17.165713062870275,72.28915662650603,5.901999999999998,4.468653045778596,1.4333469542214026,"https://static.www.nfl.com/image/upload/f_auto,q_auto/league/ucw8cfj5t5nwkx670wzu"
Sean McKeon,00-0036032,2022,REG,2,3,11.0,0,0.0,0.0,1.0,7.0,1.0,0.15023799089249223,0,3.3333333333333335,0.03624078624078624,0.0037797151675962523,0.1113681593396761,1.1,3.1,2,26.0,4.0,77.0,246.0,,,,,,,,,"https://static.www.nfl.com/image/upload/f_auto,q_auto/league/hxwzrifzs1l10zu06h68"
Shane Zylstra,00-0036534,2022,REG,11,15,60.0,4,0.0,0.0,78.0,13.0,6.0,3.4359968112548813,0,6.771786492374728,0.05453137957500867,0.3762127211525328,0.917725459706877,30.0,41.0,8,27.0,3.0,76.0,215.0,4.68,2.793365803127145,8.481666666666664,14.88882387361029,83.33333333333334,0.6780000000000015,0.6976745351933005,-0.0196745351932989,"https://static.www.nfl.com/image/private/f_auto,q_auto/league/e6np1mvcmbxp76d7lbqy"
Stephen Sullivan,00-0036438,2023,REG,12,24,125.0,0,0.0,0.0,255.0,8.0,5.0,-1.6298732738878616,0,6.181472559698366,0.08247999827154806,1.0225724052038148,1.9530006577158912,12.5,24.5,10,27.0,4.0,77.0,242.0,6.045,3.3604514715366838,7.263000000000001,15.126785007632957,70.0,0.2799999999999994,1.1312749693572441,-0.8512749693572448,"https://static.www.nfl.com/image/upload/f_auto,q_auto/league/miipmedtauhxf4tmilcs"
Stone Smartt,00-0037475,2023,REG,11,21,155.0,1,0.0,0.0,180.0,56.0,6.0,3.3231554576306586,0,9.630996020108922,0.04963346505316411,0.6393151684391398,1.3409229888643517,21.500000000000004,32.5,12,25.0,2.0,76.0,232.0,5.541666666666667,4.359800434338669,8.816666666666665,20.15391648887534,83.33333333333334,2.514,3.691116713661063,-1.1771167136610623,"https://static.www.nfl.com/image/upload/f_auto,q_auto/league/tazdjztvhpulguzuh78l"
T.J. Hockenson,00-0035229,2024,REG,41,62,455.0,0,0.0,0.0,520.0,145.0,30.0,9.4577888110629,0,9.198034340549706,0.1813190904277233,1.8363087091958867,4.00520245285297,45.5,86.5,10,27.0,5.0,77.0,248.0,6.113076923076923,3.0625072513373546,8.712741935483871,11.766768827287558,66.12903225806451,3.916097560975609,3.7801273072989385,0.1359702536766707,"https://static.www.nfl.com/image/upload/f_auto,q_auto/league/n9zhffstwzae8i5di6tk"
Tanner Hudson,00-0034613,2023,REG,39,50,352.0,1,0.0,0.0,269.0,148.0,21.0,12.267451122139342,0,14.950453316122687,0.12407839863017517,1.1439702311030844,3.034190337115312,41.2,80.2,12,29.0,6.0,77.0,239.0,6.304736842105264,3.0683933297976207,5.111199999999999,6.812099499941357,78.0,4.068205128205128,3.7983991775846415,0.2698059506204866,"https://static.www.nfl.com/image/upload/f_auto,q_auto/league/fbtxfvqvgv0al8msbr1e"
Taysom Hill,00-0033357,2024,REG,23,31,187.0,0,1.0,1.0,108.0,137.0,8.0,1.2136351755470969,0,10.05333269671505,0.13651223647353677,0.48202409134783286,1.9755637016259244,79.34,102.34,8,34.0,7.0,74.0,221.0,6.6969047619047615,3.765336634091849,2.9029047619047623,9.701889568819242,77.14285714285715,5.482166666666667,4.563242440162017,0.9189242265046497,"https://static.www.nfl.com/image/upload/f_auto,q_auto/league/q8itjlocg5do60qat4l3"
Teagan Quitoriano,00-0037277,2022,REG,7,14,113.0,2,0.0,0.0,175.0,53.0,5.0,2.1962939216173254,0,6.005952380952381,0.0609145283195711,0.6175342016399312,1.0718764885034484,23.3,30.3,7,24.0,2.0,78.0,259.0,,,,,,,,,"https://static.www.nfl.com/image/upload/f_auto,q_auto/league/tlfmx2ozvmglaxcrg7ko"
Theo Johnson,00-0039847,2024,REG,29,43,331.0,1,0.0,0.0,288.0,149.0,16.0,4.542643655178836,0,14.759313167132316,0.13497390330688294,1.361290912101165,2.9775121880740594,39.1,68.1,10,23.0,0.0,78.0,260.0,5.6678,4.345204982160733,6.350133333333334,17.85409648090964,73.33333333333333,6.023866666666667,5.361535650886416,0.6623310157802514,"https://static.www.nfl.com/image/upload/f_auto,q_auto/league/gljwzcxubvoqjxwnakze"
Tip Reiman,00-0039737,2024,REG,6,7,37.0,0,0.0,0.0,12.0,29.0,1.0,0.4128676811233163,0,5.633333333333333,0.04393582606177861,0.05619330795389833,0.3688540110310683,3.7,9.7,5,22.0,0.0,76.0,270.0,,,,,,,,,"https://static.www.nfl.com/image/upload/f_auto,q_auto/league/grt6fspk8dlqbuzcrq7m"
Tommy Sweeney,00-0035308,2022,REG,1,1,7.0,0,0.0,0.0,-1.0,8.0,1.0,0.8010767865926027,0,0.0,0.02631578947368421,-0.0035714285714285713,0.03697368421052631,0.7000000000000001,1.7000000000000002,1,29.0,5.0,77.0,251.0,,,,,,,,,"https://static.www.nfl.com/image/upload/f_auto,q_auto/league/ixhp102leeriycsx1pkl"
Tommy Tremble,00-0037005,2024,REG,23,32,234.0,2,1.0,1.0,182.0,125.0,12.0,4.989202184179937,0,13.216508954008955,0.09823700134675745,0.7792739771064878,2.019046804175903,33.400000000000006,56.4,10,24.0,3.0,76.0,248.0,6.688333333333333,3.579037908258903,7.831527777777777,16.91292874272362,59.72222222222222,7.855111111111111,6.580309681334769,1.2748014297763433,"https://static.www.nfl.com/image/upload/f_auto,q_auto/league/jn0kmd8lg9hu4fjnnat9"
Travis Kelce,00-0030506,2024,REG,97,133,823.0,3,2.0,1.0,883.0,341.0,46.0,21.573750875772742,0,14.771537866481065,0.23339808156887615,4.033710576953776,8.42515136152067,98.4,195.4,16,34.0,11.0,77.0,260.0,6.100769230769231,3.472824707439864,6.644962406015036,24.537788994671967,72.93233082706767,3.769690721649485,4.261860003202084,-0.4921692815526,"https://static.www.nfl.com/image/upload/f_auto,q_auto/league/ilk4qbxxs6mt3v9zfvtg"
Tre' McKitty,00-0037011,2022,REG,10,18,72.0,0,1.0,0.0,57.0,52.0,0.0,-5.634286644111853,0,7.037202380952381,0.06364477660433543,0.27106626717028687,0.9534837062712259,7.2,17.2,8,25.0,3.0,76.0,245.0,6.6625,5.257511071776098,6.433333333333333,20.127229116696213,50.0,5.293333333333332,7.407843509913316,-2.114510176579984,"https://static.www.nfl.com/image/upload/f_auto,q_auto/league/hcsuglnch88wtxp9emcv"
Trevon Wesco,00-0035259,2022,REG,2,4,26.0,0,0.0,0.0,23.0,12.0,1.0,-0.3263465259806253,1,4.533333333333333,0.049305555555555554,0.12198243174924166,0.3812210355578025,4.6000000000000005,6.6000000000000005,4,28.0,5.0,75.0,267.0,,,,,,,,,"https://static.www.nfl.com/image/private/f_auto,q_auto/league/ptq3iidy6uyg3f31gjl5"
Trey McBride,00-0037744,2024,REG,111,147,1146.0,2,0.0,0.0,902.0,513.0,63.0,49.07139341937156,0,21.92788323965167,0.28644906018201005,4.262653291128686,9.858634748158321,132.8,243.8,16,24.0,2.0,76.0,245.0,4.901696428571428,3.5118879395882536,6.35952380952381,25.320278432328497,75.51020408163265,4.884504504504504,4.246801016960822,0.637703487543682,"https://static.www.nfl.com/image/upload/f_auto,q_auto/league/hfdgljgi9gfaskomdl1h"
Tucker Fisk,00-0037654,2024,REG,7,8,39.0,0,0.0,0.0,20.0,21.0,1.0,0.7500955034338403,0,6.357142857142858,0.036302371000646864,0.06339379941478858,0.42555055509714407,3.9000000000000004,10.9,7,25.0,2.0,76.0,285.0,,,,,,,,,"https://static.www.nfl.com/image/upload/f_auto,q_auto/league/jbbh7bfsjpqzsy0jcofy"
Tucker Kraft,00-0038996,2024,REG,50,70,707.0,7,1.0,1.0,374.0,456.0,30.0,36.196027360845626,1,75.77621439915121,0.1510050132879899,1.5371273732938664,4.926617000149449,113.30000000000001,163.3,17,23.0,1.0,77.0,255.0,6.04280701754386,4.40376028093229,5.220428571428571,9.07643549404641,71.42857142857143,9.5536,6.432470174954526,3.121129825045473,"https://static.www.nfl.com/image/upload/f_auto,q_auto/league/klrmgekdzx1ywjjmixp7"
Tyler Conklin,00-0034270,2024,REG,51,72,449.0,4,0.0,0.0,358.0,262.0,24.0,10.081812269940906,1,28.071011222448487,0.1249434175490989,1.5184965589313661,4.06158961243033,70.9,121.9,16,29.0,6.0,75.0,254.0,6.160222222222223,4.324308091444355,5.209305555555556,9.56318427748966,70.83333333333334,5.460980392156863,5.53507050555922,-0.0740901134023577,"https://static.www.nfl.com/image/upload/f_auto,q_auto/league/chajhumpfogd8effewe6"
Tyler Davis,00-0036250,2022,REG,4,7,26.0,0,0.0,0.0,27.0,27.0,1.0,-6.4450322380289435,0,11.479166666666666,0.04373540185304891,0.10887458222095886,0.40422772145253805,2.5999999999999996,6.6,5,27.0,4.0,76.0,250.0,,,,,,,,,"https://static.www.nfl.com/image/upload/f_auto,q_auto/league/awihnovccbawpaof5pva"
Tyler Higbee,00-0033110,2023,REG,47,70,495.0,2,0.0,0.0,406.0,246.0,26.0,18.805071377808606,0,25.420444017548945,0.13935042287187374,1.6504827883687359,4.290722466475273,61.5,108.5,15,31.0,8.0,78.0,257.0,6.260967741935484,3.678278588671004,5.5282857142857145,9.01864182022844,67.14285714285714,5.460851063829787,5.374312893558835,0.086538170270952,"https://static.www.nfl.com/image/private/f_auto,q_auto/league/vk9c6lr4d1pdt9sr86ua"
Tyler Mabry,00-0036059,2022,REG,1,1,7.0,1,0.0,0.0,6.0,1.0,1.0,1.9614137525786646,0,1.1666666666666667,0.03571428571428571,0.022304832713754646,0.06918481147105682,6.7,7.7,1,27.0,4.0,75.0,248.0,,,,,,,,,"https://static.www.nfl.com/image/upload/f_auto,q_auto/league/gg1gcamqt7wf2dppmmcq"
Will Dissly,00-0034159,2024,REG,50,64,481.0,2,0.0,0.0,295.0,303.0,24.0,15.463689936034317,0,39.42597219959601,0.15050196899936374,1.2464086799564955,4.258780378455231,60.1,110.1,15,28.0,6.0,76.0,267.0,5.98392156862745,3.3257043329287264,4.398124999999999,6.653587046448411,78.125,6.1778,5.322872918301727,0.8549270816982721,"https://static.www.nfl.com/image/upload/f_auto,q_auto/league/opdpeoconvviwkufolxr"
Will Mallory,00-0038394,2023,REG,18,26,207.0,0,1.0,0.0,203.0,89.0,11.0,11.680780712864362,0,9.762383585912998,0.07005999979286134,0.8336272440234578,1.7395290673986326,20.700000000000003,38.7,11,25.0,1.0,76.0,245.0,9.215,3.5343836821781798,4.777999999999999,10.409586056644876,100.0,4.4220000000000015,5.170973381992553,-0.7489733819925517,"https://static.www.nfl.com/image/upload/f_auto,q_auto/league/rxeygxqtsnqqzgmjl71g"
Zach Davidson,00-0036640,2024,REG,1,2,5.0,0,0.0,0.0,10.0,2.0,0.0,-0.7158418569015339,0,1.6666666666666667,0.04093567251461988,0.07429901811924283,0.17481633022732962,0.5,1.5,2,26.0,3.0,79.0,245.0,,,,,,,,,"https://static.www.nfl.com/image/upload/f_auto,q_auto/league/cxvetoci2tfigdcu27bf"
Zach Ertz,00-0030061,2024,REG,66,91,654.0,7,1.0,0.0,686.0,187.0,38.0,28.876541475512305,2,18.99759813306025,0.17863199487778308,3.092115114932669,6.719596449836337,111.4,177.4,17,33.0,11.0,77.0,250.0,6.322409638554217,3.63137381643962,7.613406593406593,17.432109078374292,72.52747252747253,3.143333333333333,3.3507680741110404,-0.2074347407777073,"https://static.www.nfl.com/image/upload/f_auto,q_auto/league/xktmmeumuoglbuam75iz"
Zach Gentry,00-0035222,2022,REG,19,23,132.0,0,0.0,0.0,64.0,102.0,6.0,-1.4360584165122199,0,6.57962962962963,0.04677761448534444,0.16718843098414457,1.0993618058811343,13.200000000000001,32.2,14,27.0,5.0,80.0,265.0,5.678,3.860486465188482,3.0666666666666664,4.896872920825016,83.33333333333334,5.864,5.369740215450429,0.4942597845495706,"https://static.www.nfl.com/image/upload/f_auto,q_auto/league/a8vddwqiybkx41wwtjy4"
