posteam,team_name,pass_to_run,shotgun_freq,no_huddle_freq,short_passes_freq,deep_passes_freq,middle_passes,side_passes,scramble_freq,first_down_rush_pct,epa_pass,epa_run,yac,inside_run_pct,outside_run_pct,yards_gained_1,yards_gained_2,yards_gained_3,yards_gained_4,ydstogo_3rd_down,avg_air_yards,team_conf,team_division,team_logo_espn,team_color,team_color2,scheme,score_west_coast_mcvay,score_air_raid,score_spread_option,score_west_coast,score_run_power,score_pistol_power_spread,score_shanahan_wide_zone,cap_space_all,PointsScored,TotalYds,TotalTO,TotalFumblesLost,Total1stdowns,PassingYds,PassingTD,Int,Passing1stD,Att,RushingYds,RushingTD,Y/A,1stD,Penalties,PenYards,PctScoreDrives,TO%,PointsScored_Rank,TotalYds_Rank,TotalTO_Rank,PassingYds_Rank,PassingTD_Rank,Int_Rank,Passing1stD_Rank,Y/A_Rank,RushingYds_Rank,RushingTD_Rank,PctScoreDrives_Rank,TO%_Rank
ARI,Arizona Cardinals,0.5718283582089553,0.6875,0.0998134328358208,0.7797202797202797,0.1678321678321678,0.1783216783216783,0.7692307692307693,0.0668841761827079,0.4159021406727828,0.0758305266499519,0.0561771728098392,5.272727489471436,0.6949891067538126,0.2832244008714596,6.0401692390441895,6.093294620513916,5.635416507720947,4.0,6.395833492279053,6.821033000946045,NFC,NFC West,https://a.espncdn.com/i/teamlogos/nfl/500/ari.png,#97233F,#000000,West Coast,0.5763806797065811,0.2844494982098348,0.0845149253731341,0.6561940584629335,0.3915955353949211,0.4238059415370668,0.4109419406236789,66116763.0,400.0,6090.0,20.0,9.0,356.0,3639.0,21.0,11.0,191.0,463.0,2451.0,18.0,5.3,136.0,92.0,806.0,44.6,11.9,12.0,11.0,16.0,18.0,20.0,11.0,17.0,2.0,7.0,8.0,7.0,21.0
ATL,Atlanta Falcons,0.5518518518518518,0.812962962962963,0.1453703703703703,0.7589134125636672,0.1833616298811545,0.2122241086587436,0.7300509337860781,0.011744966442953,0.4018126888217522,0.0499394983053207,0.0150371985509991,5.379120826721191,0.6012396694214877,0.378099173553719,6.0649895668029785,5.782485961914063,5.44444465637207,7.838709831237793,7.106280326843262,8.046846389770508,NFC,NFC South,https://a.espncdn.com/i/teamlogos/nfl/500/atl.png,#A71930,#000000,Spread Option,0.3191640151505215,0.245492937557835,0.412159604224502,0.2944444444444447,0.2944444444444447,0.1453623622579595,0.2944444444444447,7957211.0,389.0,6287.0,24.0,5.0,359.0,4068.0,21.0,19.0,198.0,495.0,2219.0,18.0,4.5,133.0,99.0,828.0,39.6,13.6,13.0,6.0,24.0,5.0,20.0,29.0,12.0,11.0,10.0,8.0,14.0,26.0
BAL,Baltimore Ravens,0.5009225092250923,0.672509225092251,0.0525830258302583,0.7349397590361446,0.2128514056224899,0.2329317269076305,0.714859437751004,0.0828729281767955,0.4517906336088154,0.3348925709724426,0.110430896282196,6.559748649597168,0.6284658040665434,0.3604436229205175,7.06584358215332,6.89595365524292,7.132275104522705,3.0,7.121693134307861,8.811440467834473,AFC,AFC North,https://a.espncdn.com/i/teamlogos/nfl/500/bal.png,#241773,#9E7C0C,West Coast,0.3357454413678705,0.0612071750552475,0.2972324723247231,0.4851475774805336,0.1527675276752767,0.2712071750552474,0.181560352620029,10828402.0,518.0,7224.0,11.0,7.0,393.0,4035.0,41.0,4.0,199.0,554.0,3189.0,21.0,5.8,164.0,132.0,1120.0,47.0,6.1,3.0,1.0,3.0,7.0,2.0,2.0,11.0,1.0,1.0,6.0,5.0,3.0
BUF,Buffalo Bills,0.5514285714285714,0.6295238095238095,0.0609523809523809,0.7509363295880149,0.2209737827715356,0.1591760299625468,0.8127340823970037,0.077720207253886,0.4361370716510903,0.248737633228302,0.120150551199913,6.623100280761719,0.7791932059447984,0.2186836518046709,5.62696647644043,6.383481025695801,6.419191837310791,8.409090995788574,6.6565656661987305,8.211946487426758,AFC,AFC East,https://a.espncdn.com/i/teamlogos/nfl/500/buf.png,#00338D,#C60C30,Run Power,0.4788541947965061,0.0,0.1457142857142858,0.5087603844245266,0.5832036157913049,0.1799174033169755,0.4568554204622178,3285762.0,525.0,6105.0,8.0,2.0,360.0,3875.0,30.0,6.0,181.0,491.0,2230.0,32.0,4.5,140.0,112.0,833.0,49.7,4.6,2.0,10.0,1.0,9.0,7.0,3.0,18.0,11.0,9.0,1.0,3.0,2.0
CAR,Carolina Panthers,0.6097087378640776,0.6524271844660194,0.0689320388349514,0.7435897435897436,0.1914529914529914,0.1982905982905982,0.7367521367521368,0.0684713375796178,0.3707865168539326,-0.1028568521142005,0.0191142838448286,4.196480751037598,0.7810945273631841,0.2139303482587064,5.796690464019775,4.546875,5.085308074951172,3.200000047683716,6.791469097137451,8.160877227783203,NFC,NFC South,https://a.espncdn.com/i/teamlogos/nfl/500-dark/car.png,#0085CA,#000000,West Coast McVay,0.5514751162042606,0.105742575985875,0.0,0.4005538881482713,0.3144061247162247,0.4430437090169744,0.2013344004357619,21051595.0,341.0,5066.0,22.0,7.0,293.0,3188.0,22.0,15.0,168.0,410.0,1878.0,18.0,4.6,99.0,118.0,947.0,33.3,11.8,23.0,29.0,19.0,30.0,16.0,23.0,26.0,10.0,18.0,8.0,25.0,20.0
CHI,Chicago Bears,0.6221821460775473,0.6780883678990082,0.2461677186654643,0.69375,0.184375,0.16875,0.709375,0.072463768115942,0.3605947955390334,-0.0978791117668151,-0.0575108118355274,5.314447402954102,0.6229116945107399,0.3699284009546539,4.69069766998291,4.903682708740234,3.78947377204895,5.815789699554443,7.65350866317749,8.067615509033203,NFC,NFC North,https://a.espncdn.com/i/teamlogos/nfl/500/chi.png,#0B162A,#E64100,West Coast McVay,0.5216048168598055,0.3148284919569916,0.1787601547702713,0.3154455047656029,0.0834535617673582,0.5085383812308862,0.0914616187691135,35255494.0,310.0,4820.0,16.0,9.0,296.0,3086.0,20.0,7.0,172.0,431.0,1734.0,13.0,4.0,97.0,110.0,867.0,29.8,7.7,28.0,32.0,8.0,31.0,25.0,6.0,22.0,27.0,25.0,20.0,30.0,5.0
CIN,Cincinnati Bengals,0.6626947754353804,0.8230980751604033,0.0293308890925756,0.8017118402282454,0.1269614835948644,0.2054208273894436,0.7232524964336662,0.0304287690179806,0.2580645161290322,0.1434012204408645,-0.0112060382962226,4.765217304229736,0.8152173913043478,0.1766304347826087,6.28690242767334,5.392045497894287,5.537383079528809,6.315789699554443,6.299065589904785,7.087557792663574,AFC,AFC North,https://a.espncdn.com/i/teamlogos/nfl/500/cin.png,#FB4F14,#000000,Pistol Power Spread,0.1119156736938588,0.2099565228572697,0.234566971986509,0.0,0.0695652173913044,0.4427852389112503,0.1968114045384615,35272246.0,472.0,6214.0,22.0,13.0,376.0,4640.0,43.0,9.0,253.0,380.0,1574.0,11.0,4.1,88.0,101.0,780.0,43.6,10.5,6.0,9.0,19.0,1.0,1.0,7.0,1.0,20.0,30.0,25.0,9.0,17.0
CLE,Cleveland Browns,0.665514261019879,0.7536732929991357,0.1469317199654278,0.7397820163487738,0.159400544959128,0.1852861035422343,0.7138964577656676,0.0467532467532467,0.3406593406593406,-0.2447615712881088,-0.0667856633663177,4.331645488739014,0.7493540051679587,0.2454780361757106,4.838362216949463,4.78804349899292,4.071730136871338,3.340909004211426,7.902953624725342,7.78636360168457,AFC,AFC North,https://a.espncdn.com/i/teamlogos/nfl/500/cle.png,#FF3C00,#311D00,Air Raid,0.1244149542488082,0.5929336669244722,0.1598897269101573,0.1401102730898424,0.3806201550387598,0.474525227338651,0.0122480620155037,4332694.0,258.0,5114.0,34.0,11.0,303.0,3506.0,19.0,23.0,180.0,391.0,1608.0,8.0,4.1,93.0,119.0,915.0,22.4,15.9,32.0,28.0,31.0,22.0,28.0,32.0,19.0,20.0,29.0,30.0,32.0,31.0
DAL,Dallas Cowboys,0.6205962059620597,0.7199638663053297,0.087624209575429,0.7851851851851852,0.154074074074074,0.2192592592592592,0.72,0.0174672489082969,0.3379310344827586,-0.1066436767578125,-0.1138955950736999,5.1005024909973145,0.7642857142857142,0.2166666666666666,5.144067764282227,5.035616397857666,5.3832597732543945,3.2142856121063232,7.079295158386231,7.389589786529541,NFC,NFC East,https://a.espncdn.com/i/teamlogos/nfl/500/dal.png,#002244,#B0B7BC,West Coast,0.3890743256247849,0.323328927192698,0.0513672844993481,0.519074325624785,0.326306620209059,0.422651561397143,0.0882113821138211,40785438.0,350.0,5567.0,28.0,14.0,327.0,3862.0,23.0,14.0,192.0,429.0,1705.0,6.0,4.0,98.0,128.0,921.0,36.5,14.3,21.0,17.0,28.0,11.0,13.0,22.0,14.0,27.0,27.0,32.0,21.0,28.0
DEN,Denver Broncos,0.5922865013774105,0.6097337006427915,0.1276400367309458,0.765993265993266,0.1919191919191919,0.1936026936026936,0.7643097643097643,0.0790697674418604,0.4189189189189189,0.0390798710286617,-0.0049226586706936,5.511873245239258,0.7342342342342343,0.2612612612612612,5.175675868988037,5.223837375640869,5.583333492279053,8.142857551574707,6.811403274536133,7.258347988128662,AFC,AFC West,https://a.espncdn.com/i/teamlogos/nfl/500/den.png,#002244,#FB4F14,West Coast McVay,0.6679766393119854,0.0982456140350877,0.0231404958677686,0.2617351085250003,0.6113134804956101,0.4087657690661648,0.4519441111262398,34344259.0,425.0,5518.0,19.0,7.0,315.0,3610.0,30.0,12.0,172.0,461.0,1908.0,12.0,4.1,124.0,108.0,941.0,38.4,10.0,10.0,19.0,11.0,20.0,7.0,16.0,22.0,20.0,16.0,23.0,18.0,15.0
DET,Detroit Lions,0.5359066427289049,0.4389587073608617,0.0359066427289048,0.7852233676975945,0.1563573883161512,0.2989690721649484,0.6426116838487973,0.0251256281407035,0.3730569948186528,0.2763842940330505,0.0498091839253902,6.461153030395508,0.7176015473887815,0.2804642166344294,6.838645458221436,6.027933120727539,5.872549057006836,5.818181991577148,6.176470756530762,6.368613243103027,NFC,NFC North,https://a.espncdn.com/i/teamlogos/nfl/500/det.png,#0076B6,#B0B7BC,Shanahan Wide Zone,0.1686483614555735,0.0956043956043956,0.1922800718132853,0.3732587160285113,0.4710661564265598,0.0,0.5560705121866264,49504822.0,564.0,6962.0,15.0,3.0,410.0,4474.0,39.0,12.0,242.0,534.0,2488.0,29.0,4.7,144.0,107.0,988.0,51.6,8.2,1.0,2.0,6.0,2.0,4.0,16.0,2.0,6.0,6.0,2.0,1.0,7.0
GB,Green Bay Packers,0.5038387715930902,0.736084452975048,0.0892514395393474,0.7247524752475247,0.2237623762376237,0.194059405940594,0.7544554455445545,0.0380952380952381,0.4536741214057508,0.1355790048837661,0.0236323159188032,6.259740352630615,0.7292069632495164,0.2611218568665377,6.004376411437988,6.647727489471436,5.842931747436523,6.8125,6.612565517425537,8.741127014160156,NFC,NFC North,https://a.espncdn.com/i/teamlogos/nfl/500/gb.png,#203731,#FFB612,West Coast,0.1854461194396311,0.2493489238148356,0.3878326090355648,0.7499573408394737,0.4754428138121524,0.1723371671124495,0.245346102013313,31497586.0,460.0,6303.0,19.0,8.0,343.0,3807.0,28.0,11.0,171.0,526.0,2496.0,23.0,4.7,142.0,112.0,836.0,45.9,9.9,8.0,5.0,11.0,12.0,10.0,11.0,24.0,6.0,5.0,5.0,6.0,13.0
HOU,Houston Texans,0.6101382488479262,0.5751152073732719,0.0534562211981566,0.7319422150882825,0.1813804173354735,0.1990369181380417,0.7142857142857143,0.0589123867069486,0.3111888111888112,-0.0344193428754806,-0.0731752663850784,4.910364151000977,0.7139479905437353,0.2742316784869976,5.845474720001221,4.565597534179688,4.752173900604248,7.722222328186035,7.639130592346191,8.177504539489746,AFC,AFC South,https://a.espncdn.com/i/teamlogos/nfl/500/hou.png,#03202F,#A71930,Run Power,0.4970184250322201,0.1273561437135516,0.0,0.1733189043809958,0.5753183569184724,0.1804147465437786,0.5453887930199754,-2155858.0,372.0,5435.0,19.0,7.0,308.0,3526.0,20.0,12.0,197.0,434.0,1909.0,15.0,4.4,89.0,119.0,981.0,36.8,9.3,19.0,22.0,11.0,21.0,25.0,16.0,13.0,13.0,15.0,15.0,19.0,11.0
IND,Indianapolis Colts,0.5378071833648393,0.8572778827977315,0.109640831758034,0.6935779816513762,0.2440366972477064,0.1889908256880734,0.7486238532110092,0.0421792618629174,0.4467353951890034,-0.0727358311414718,-0.039098922163248,5.04152250289917,0.7709611451942741,0.2106339468302658,6.229074954986572,4.784194469451904,5.463302612304688,3.9642856121063232,6.816513538360596,10.632094383239746,AFC,AFC South,https://a.espncdn.com/i/teamlogos/nfl/500/ind.png,#002C5F,#a5acaf,Run Power,0.2715812751173498,0.0,0.3148310437472759,0.3815812751173495,0.4640350470270329,0.1256848557542647,0.2634215500945179,35204247.0,377.0,5692.0,29.0,10.0,315.0,3361.0,20.0,19.0,161.0,496.0,2331.0,20.0,4.7,130.0,93.0,684.0,36.6,14.9,17.0,13.0,29.0,25.0,25.0,29.0,31.0,6.0,8.0,7.0,20.0,29.0
JAX,Jacksonville Jaguars,0.600196463654224,0.6895874263261297,0.1277013752455795,0.7465753424657534,0.1866438356164383,0.1900684931506849,0.7431506849315068,0.044189852700491,0.3785714285714285,-0.0147100081667304,-0.0279371179640293,5.113702774047852,0.7985257985257985,0.1941031941031941,5.313817501068115,5.596330165863037,4.980391979217529,3.807692289352417,6.671568393707275,8.416513442993164,AFC,AFC South,https://a.espncdn.com/i/teamlogos/nfl/500/jax.png,#006778,#000000,Pistol Power Spread,0.4919924335014565,0.2122665590181853,0.0,0.4657396969209311,0.2523590119857312,0.7283634971822635,0.1494106090373282,60200409.0,320.0,5206.0,24.0,9.0,298.0,3477.0,19.0,15.0,174.0,414.0,1729.0,13.0,4.2,106.0,99.0,787.0,33.3,13.0,26.0,25.0,24.0,24.0,28.0,23.0,21.0,17.0,26.0,20.0,25.0,25.0
KC,Kansas City Chiefs,0.6137184115523465,0.7382671480144405,0.0117328519855595,0.8127925117004681,0.1201248049921996,0.2137285491419656,0.719188767550702,0.0573529411764705,0.3261538461538461,0.0919766500592231,0.0371033363044261,5.79950475692749,0.7663551401869159,0.2313084112149532,5.309368133544922,5.163934230804443,5.4311113357543945,3.117647171020508,6.328888893127441,6.366220951080322,AFC,AFC West,https://a.espncdn.com/i/teamlogos/nfl/500/kc.png,#E31837,#FFB612,Run Power,0.2588447653429603,0.3063273822574308,0.1288905591527375,0.2997561089612188,0.4013681298289417,0.3022646755043019,0.1289864598412894,-8214328.0,385.0,5570.0,14.0,3.0,350.0,3780.0,26.0,11.0,219.0,450.0,1790.0,15.0,4.0,106.0,94.0,829.0,43.2,8.3,15.0,16.0,4.0,14.0,11.0,11.0,5.0,27.0,22.0,15.0,10.0,8.0
LA,Los Angeles Rams,0.5775193798449613,0.5465116279069767,0.0852713178294573,0.7702702702702703,0.1722972972972972,0.1925675675675675,0.75,0.0067114093959731,0.382636655948553,0.0573845952749252,-0.0449269637465477,5.335149765014648,0.8119266055045872,0.1811926605504587,5.814254760742188,5.648093700408936,4.602040767669678,5.458333492279053,6.494897842407227,7.39068078994751,NFC,NFC West,https://a.espncdn.com/i/teamlogos/nfl/500/lar.png,#003594,#FFD100,West Coast McVay,0.447238452563172,0.1941176470588241,0.0674418604651162,0.395935300520235,0.5797755224291112,0.2687580016083513,0.4136287334382859,30337585.0,367.0,5633.0,14.0,5.0,342.0,3868.0,22.0,9.0,192.0,450.0,1765.0,15.0,3.9,119.0,91.0,798.0,39.1,8.3,20.0,15.0,4.0,10.0,16.0,7.0,14.0,31.0,24.0,15.0,16.0,8.0
LAC,Los Angeles Chargers,0.5693501454898157,0.6459747817652765,0.0368574199806013,0.7093862815884476,0.2057761732851985,0.2148014440433213,0.7003610108303249,0.0562180579216354,0.3846153846153846,0.0962522700428962,-0.0315274335443973,5.032738208770752,0.7387387387387387,0.25,5.180327892303467,6.228228092193604,5.2580647468566895,7.4375,7.055299758911133,8.607495307922363,AFC,AFC West,https://a.espncdn.com/i/teamlogos/nfl/500/lac.png,#007BC7,#ffc20e,Run Power,0.4099737615123587,0.0080766749570883,0.091949563530553,0.4000262384876416,0.6194270410080307,0.2761271114265351,0.5031450319560804,93825148.0,402.0,5511.0,9.0,6.0,316.0,3629.0,23.0,3.0,176.0,463.0,1882.0,17.0,4.1,110.0,96.0,718.0,42.9,4.4,11.0,20.0,2.0,19.0,13.0,1.0,20.0,20.0,17.0,11.0,11.0,1.0
LV,Las Vegas Raiders,0.654562383612663,0.723463687150838,0.1089385474860335,0.7730600292825769,0.1493411420204978,0.1947291361639824,0.7276720351390923,0.0284495021337126,0.2717770034843205,-0.0913973525166511,-0.2371037304401397,5.026829242706299,0.8113207547169812,0.1698113207547169,5.162637233734131,4.740633964538574,4.684684753417969,5.480000019073486,7.211711883544922,7.0714287757873535,AFC,AFC West,https://a.espncdn.com/i/teamlogos/nfl/500/lv.png,#000000,#A5ACAF,Pistol Power Spread,0.29514667552331,0.3966310093614615,0.0728003597831942,0.3460334665781043,0.0773584905660376,0.7399616818854429,0.0,39164572.0,309.0,5154.0,29.0,13.0,310.0,3797.0,19.0,16.0,209.0,380.0,1357.0,10.0,3.6,78.0,96.0,807.0,33.0,15.2,29.0,27.0,29.0,13.0,28.0,25.0,8.0,32.0,32.0,28.0,27.0,30.0
MIA,Miami Dolphins,0.5994550408719346,0.7665758401453224,0.0554041780199818,0.7858267716535433,0.1385826771653543,0.2031496062992126,0.721259842519685,0.0378787878787878,0.2893890675241157,0.0615185834467411,-0.1835652440786361,5.411622047424316,0.6190476190476191,0.365079365079365,5.514644145965576,5.252840995788574,4.476190567016602,3.645161390304565,7.104762077331543,6.321976184844971,AFC,AFC East,https://a.espncdn.com/i/teamlogos/nfl/500/mia.png,#008E97,#F58220,Shanahan Wide Zone,0.4896247262574643,0.2503753166681743,0.2012595607160218,0.3134285278527612,0.1516348773841964,0.1887404392839781,0.1516348773841964,22436815.0,345.0,5532.0,21.0,11.0,344.0,3737.0,22.0,10.0,221.0,448.0,1795.0,12.0,4.0,90.0,114.0,926.0,39.0,11.0,22.0,18.0,17.0,15.0,16.0,10.0,4.0,27.0,21.0,23.0,17.0,19.0
MIN,Minnesota Vikings,0.5916824196597353,0.4933837429111531,0.106805293005671,0.7202680067001676,0.1959798994974874,0.2060301507537688,0.7102177554438861,0.0463258785942492,0.3225806451612903,0.0731334239244461,-0.062131255865097,4.925824165344238,0.6898148148148148,0.3032407407407407,5.825806617736816,5.968660831451416,5.467336654663086,2.230769157409668,7.482411861419678,8.457037925720215,NFC,NFC North,https://a.espncdn.com/i/teamlogos/nfl/500/min.png,#4F2683,#FFC62F,West Coast McVay,0.5536380052384626,0.0350427350427352,0.0249527410207939,0.3070620057985691,0.3861641343728845,0.2329379942014309,0.3696826528914033,52594040.0,432.0,5898.0,21.0,9.0,353.0,4043.0,35.0,12.0,210.0,457.0,1855.0,9.0,4.1,100.0,110.0,845.0,41.4,10.5,9.0,12.0,17.0,6.0,5.0,16.0,7.0,20.0,19.0,29.0,13.0,17.0
NE,New England Patriots,0.5933147632311978,0.6666666666666666,0.0900649953574744,0.7753001715265866,0.1286449399656946,0.2126929674099485,0.6912521440823327,0.0876369327073552,0.376865671641791,-0.0994772240519523,-0.0615621209144592,4.959064483642578,0.7534246575342466,0.2328767123287671,4.778801918029785,5.750724792480469,3.7710280418396,4.291666507720947,7.065420627593994,7.29791259765625,AFC,AFC East,https://a.espncdn.com/i/teamlogos/nfl/500/ne.png,#002244,#C60C30,West Coast McVay,0.6030423039581483,0.0524527008407733,0.0200557103064065,0.566957696041852,0.494713244552982,0.4379477056396946,0.2076030094656332,114767401.0,289.0,4964.0,23.0,12.0,301.0,2995.0,18.0,11.0,167.0,446.0,1969.0,11.0,4.4,101.0,111.0,916.0,30.9,12.9,30.0,31.0,21.0,32.0,31.0,11.0,28.0,13.0,13.0,25.0,28.0,24.0
NO,New Orleans Saints,0.5868945868945868,0.560303893637227,0.0959164292497625,0.7360406091370558,0.1945854483925549,0.2453468697123519,0.6852791878172588,0.0436893203883495,0.3992805755395683,-0.1006790250539779,0.0026375628076493,5.400000095367432,0.6160919540229886,0.3793103448275862,5.030162334442139,5.530086040496826,5.460464954376221,6.629629611968994,7.548837184906006,8.054545402526855,NFC,NFC South,https://a.espncdn.com/i/teamlogos/nfl/500/no.png,#D3BC8D,#000000,West Coast McVay,0.7002519251435582,0.0565217391304351,0.0393162393162394,0.3700432081305133,0.4604004163869959,0.1699567918694867,0.4282320622454835,-21527271.0,338.0,5442.0,19.0,7.0,304.0,3488.0,21.0,12.0,167.0,444.0,1954.0,15.0,4.4,111.0,110.0,1003.0,34.8,9.4,24.0,21.0,11.0,23.0,20.0,16.0,28.0,13.0,14.0,15.0,23.0,12.0
NYG,New York Giants,0.6194444444444445,0.6861111111111111,0.1287037037037037,0.78125,0.134375,0.2046875,0.7109375,0.0433482810164424,0.3795620437956204,-0.1470912992954254,-0.0448347367346286,4.745901584625244,0.8199513381995134,0.1751824817518248,5.148063659667969,4.624260425567627,4.678260803222656,3.4594595432281494,6.89130449295044,6.858361721038818,NFC,NFC East,https://a.espncdn.com/i/teamlogos/nfl/500/nyg.png,#0B2265,#A71930,Pistol Power Spread,0.4394716031147341,0.1421693981875255,0.0,0.3960326217120074,0.1517639902676399,0.8837727310860466,0.0916666666666667,44958791.0,273.0,5011.0,23.0,10.0,301.0,3228.0,15.0,13.0,170.0,424.0,1783.0,13.0,4.2,104.0,112.0,928.0,27.9,12.0,31.0,30.0,21.0,28.0,32.0,21.0,25.0,17.0,23.0,20.0,31.0,22.0
NYJ,New York Jets,0.6501937984496124,0.7257751937984496,0.0823643410852713,0.7687595712098009,0.1607963246554364,0.1944869831546707,0.7350689127105666,0.0268256333830104,0.2922535211267605,0.0134574063122272,-0.0610808096826076,5.688311576843262,0.703601108033241,0.2825484764542936,4.933025360107422,5.281064987182617,5.928571224212647,4.708333492279053,7.19523811340332,6.785831928253174,AFC,AFC East,https://a.espncdn.com/i/teamlogos/nfl/500/nyj.png,#003F2D,#000000,Air Raid,0.348326845106964,0.4769109495735384,0.0827138288647899,0.3910974586824241,0.1770083102493077,0.4705160633335871,0.177894736842105,30176437.0,338.0,5275.0,19.0,8.0,314.0,3714.0,31.0,11.0,201.0,363.0,1561.0,8.0,4.3,83.0,137.0,1134.0,34.1,10.4,24.0,24.0,11.0,16.0,6.0,11.0,10.0,16.0,31.0,30.0,24.0,16.0
PHI,Philadelphia Eagles,0.4713656387665198,0.801762114537445,0.2405286343612334,0.7545638945233266,0.152129817444219,0.127789046653144,0.7789046653144016,0.0785046728971962,0.4939759036144578,0.1143923550844192,0.1137430295348167,5.181518077850342,0.7666666666666667,0.2183333333333333,5.848936080932617,5.83843994140625,5.649350643157959,4.296296119689941,6.753246784210205,7.794183254241943,NFC,NFC East,https://a.espncdn.com/i/teamlogos/nfl/500/phi.png,#004C54,#A5ACAF,Spread Option,0.0,0.384650652671034,0.6993718756961715,0.0640969162995593,0.3040969162995591,0.0,0.0640969162995593,11407273.0,463.0,6242.0,15.0,9.0,360.0,3194.0,24.0,6.0,168.0,621.0,3048.0,29.0,4.9,164.0,103.0,793.0,44.5,6.6,7.0,8.0,6.0,29.0,12.0,3.0,26.0,5.0,2.0,2.0,8.0,4.0
PIT,Pittsburgh Steelers,0.530316742081448,0.5610859728506787,0.2262443438914027,0.7440585009140768,0.1627056672760511,0.149908592321755,0.7568555758683729,0.0665529010238907,0.4357142857142857,-0.0081316195428371,-0.0613439716398716,5.146417617797852,0.7649325626204239,0.2235067437379576,4.609755992889404,5.529891490936279,5.740087985992432,1.5,7.370044231414795,7.957661151885986,AFC,AFC North,https://a.espncdn.com/i/teamlogos/nfl/500/pit.png,#000000,#FFB612,Run Power,0.213574572305786,0.2626107150475483,0.3520063825830992,0.2409502262443437,0.7724877298938844,0.0,0.4835745723057859,41716775.0,380.0,5430.0,17.0,11.0,318.0,3264.0,21.0,6.0,158.0,533.0,2166.0,14.0,4.1,122.0,102.0,823.0,39.6,8.6,16.0,23.0,10.0,27.0,20.0,3.0,32.0,20.0,11.0,19.0,14.0,10.0
SEA,Seattle Seahawks,0.6452540747842761,0.7574304889741131,0.2109300095877277,0.7453703703703703,0.1666666666666666,0.2268518518518518,0.6851851851851852,0.0371471025260029,0.294314381270903,-0.0152482446283102,-0.0554020032286644,5.18159818649292,0.7486486486486487,0.2324324324324324,5.410087585449219,6.075301170349121,5.399038314819336,2.8421051502227783,7.855769157409668,6.96446704864502,NFC,NFC West,https://a.espncdn.com/i/teamlogos/nfl/500/sea.png,#002244,#69be28,Air Raid,0.1642377756471716,0.5980615643365463,0.241126795646617,0.1498171319835067,0.3412648026741987,0.3613415806891634,0.0169404783498744,64109716.0,375.0,5647.0,24.0,8.0,329.0,4020.0,21.0,16.0,211.0,383.0,1627.0,17.0,4.2,88.0,119.0,987.0,35.2,9.9,18.0,14.0,24.0,8.0,20.0,25.0,6.0,17.0,28.0,11.0,22.0,13.0
SF,San Francisco 49ers,0.576271186440678,0.5772128060263654,0.0282485875706214,0.7535460992907801,0.1808510638297872,0.25177304964539,0.6826241134751773,0.0784313725490196,0.3703703703703703,0.1138617619872093,0.0121979713439941,5.269340991973877,0.7044444444444444,0.2888888888888888,6.788008689880371,5.978979110717773,5.959183692932129,4.75,6.994897842407227,8.593928337097168,NFC,NFC West,https://a.espncdn.com/i/teamlogos/nfl/500/sf.png,#AA0000,#B3995D,Shanahan Wide Zone,0.4815710798842411,0.1333333333333335,0.071186440677966,0.2211864406779661,0.5895400312268704,0.0788135593220338,0.8819157966822315,20424314.0,389.0,6397.0,27.0,11.0,352.0,4234.0,23.0,16.0,204.0,457.0,2163.0,17.0,4.7,120.0,111.0,843.0,41.7,13.7,13.0,4.0,27.0,4.0,13.0,25.0,9.0,6.0,12.0,11.0,12.0,27.0
TB,Tampa Bay Buccaneers,0.5817051509769094,0.6092362344582594,0.0532859680284191,0.7814029363784666,0.1484502446982055,0.199021207177814,0.7308319738988581,0.0641221374045801,0.3795013850415512,0.1755761951208114,0.0709361210465431,5.975490093231201,0.7133757961783439,0.2738853503184713,6.389112949371338,5.994350433349609,6.6589860916137695,4.928571224212647,7.0506911277771,6.9614033699035645,NFC,NFC South,https://a.espncdn.com/i/teamlogos/nfl/500/tb.png,#A71930,#322F2B,West Coast McVay,0.5702673682988393,0.0472527472527469,0.0548845470692716,0.3724617990929208,0.5574237939583585,0.1837863971244442,0.5572327111558102,2907345.0,502.0,6793.0,23.0,7.0,395.0,4257.0,41.0,16.0,224.0,483.0,2536.0,16.0,5.3,137.0,108.0,839.0,48.1,12.7,4.0,3.0,21.0,3.0,2.0,25.0,3.0,2.0,4.0,14.0,4.0,23.0
TEN,Tennessee Titans,0.5785512699905927,0.7111947318908749,0.0724365004703668,0.7302405498281787,0.1752577319587628,0.1993127147766323,0.7061855670103093,0.0536585365853658,0.4057971014492754,-0.123455099761486,-0.1065473780035972,4.752976417541504,0.7142857142857143,0.2633928571428571,5.0719099044799805,4.915452003479004,5.558139324188232,1.60869562625885,7.497674465179443,8.113851547241211,AFC,AFC South,https://a.espncdn.com/i/teamlogos/nfl/500/ten.png,#002244,#4B92DB,West Coast,0.3782545357352173,0.3206382979449459,0.101651154639834,0.6101612015059469,0.4893461900282222,0.2883488453601659,0.3325604757425076,61961553.0,311.0,5172.0,34.0,13.0,309.0,3317.0,22.0,21.0,164.0,450.0,1855.0,11.0,4.1,112.0,132.0,1030.0,30.4,16.8,27.0,26.0,31.0,26.0,16.0,31.0,30.0,20.0,19.0,25.0,29.0,32.0
WAS,Washington Commanders,0.5586975149957155,0.8586118251928021,0.583547557840617,0.765625,0.140625,0.2361111111111111,0.6701388888888888,0.1165644171779141,0.4450867052023121,0.1273588687181472,0.1525721102952957,5.169863224029541,0.6601941747572816,0.3320388349514563,5.5,5.7868852615356445,6.073394298553467,9.8695650100708,6.738532066345215,7.649425506591797,NFC,NFC East,https://a.espncdn.com/i/teamlogos/nfl/500/wsh.png,#5A1414,#FFB612,Air Raid,0.3401702148900593,0.011111111111111,0.2454797453859181,0.2739074550128536,0.2942958045274167,0.0260925449871464,0.3102181346245041,83696959.0,485.0,6284.0,16.0,7.0,380.0,3665.0,29.0,9.0,192.0,526.0,2619.0,25.0,5.0,154.0,111.0,960.0,50.0,8.0,5.0,7.0,8.0,17.0,9.0,7.0,14.0,4.0,3.0,4.0,2.0,6.0
LGAVG,,0.5854749431477264,0.680189750903836,0.1155807191492985,0.7545110871493115,0.1722679026877001,0.2030430027750518,0.7237359870619597,0.0528686458793606,0.3751780923801722,0.0302897022047545,-0.017531749617774,5.307609289884567,0.728251548011128,0.2608728076462344,5.602395549416542,5.530466437339783,5.368409372866154,4.926751505583525,7.011685788631439,7.725746333599091,,,,,,,,,,,,,,,,,,,,,,,,,,,,,,,,,,,,,,,,,,,,
